<?xml version="1.0" encoding="UTF-8"?><rss version="2.0"
	xmlns:content="http://purl.org/rss/1.0/modules/content/"
	xmlns:wfw="http://wellformedweb.org/CommentAPI/"
	xmlns:dc="http://purl.org/dc/elements/1.1/"
	xmlns:atom="http://www.w3.org/2005/Atom"
	xmlns:sy="http://purl.org/rss/1.0/modules/syndication/"
	xmlns:slash="http://purl.org/rss/1.0/modules/slash/"
	>

<channel>
	<title>Pizza &#8211; Mano blog</title>
	<atom:link href="/produkto-kategorija/pizza/feed/" rel="self" type="application/rss+xml" />
	<link></link>
	<description>Tiesiog dar viena WordPress svetainė</description>
	<lastBuildDate>Sat, 25 Dec 2021 13:45:59 +0000</lastBuildDate>
	<language>lt-LT</language>
	<sy:updatePeriod>
	hourly	</sy:updatePeriod>
	<sy:updateFrequency>
	1	</sy:updateFrequency>
	<generator>https://wordpress.org/?v=5.8.2</generator>
	<item>
		<title>Italiano Original</title>
		<link>/produktas/italiano-original/</link>
					<comments>/produktas/italiano-original/#respond</comments>
		
		<dc:creator><![CDATA[admin]]></dc:creator>
		<pubDate>Thu, 10 Dec 2020 19:30:51 +0000</pubDate>
				<guid isPermaLink="false">https://startertemplatecloud.com/e09/?post_type=product&#038;p=974</guid>

					<description><![CDATA[Adipiscing commodo elit at imperdiet. Ipsum nunc aliquet bibendum enim facilisis gravida neque. Lacus luctus accumsan tortor posuere ac.]]></description>
										<content:encoded><![CDATA[<p>Adipiscing commodo elit at imperdiet. Ipsum nunc aliquet bibendum enim facilisis gravida neque. Lacus luctus accumsan tortor posuere ac. Convallis tellus id interdum velit laoreet id. In dictum non consectetur a erat. Augue mauris augue neque gravida in fermentum. Blandit cursus risus at ultrices.</p>
]]></content:encoded>
					
					<wfw:commentRss>/produktas/italiano-original/feed/</wfw:commentRss>
			<slash:comments>0</slash:comments>
		
		
			</item>
		<item>
		<title>Hawaii Vegetarian Pizza</title>
		<link>/produktas/hawaii-vegetarian-pizza/</link>
					<comments>/produktas/hawaii-vegetarian-pizza/#respond</comments>
		
		<dc:creator><![CDATA[admin]]></dc:creator>
		<pubDate>Thu, 10 Dec 2020 19:30:39 +0000</pubDate>
				<guid isPermaLink="false">https://startertemplatecloud.com/e09/?post_type=product&#038;p=973</guid>

					<description><![CDATA[Adipiscing commodo elit at imperdiet. Ipsum nunc aliquet bibendum enim facilisis gravida neque. Lacus luctus accumsan tortor posuere ac.]]></description>
										<content:encoded><![CDATA[<p>Adipiscing commodo elit at imperdiet. Ipsum nunc aliquet bibendum enim facilisis gravida neque. Lacus luctus accumsan tortor posuere ac. Convallis tellus id interdum velit laoreet id. In dictum non consectetur a erat. Augue mauris augue neque gravida in fermentum. Blandit cursus risus at ultrices.</p>
]]></content:encoded>
					
					<wfw:commentRss>/produktas/hawaii-vegetarian-pizza/feed/</wfw:commentRss>
			<slash:comments>0</slash:comments>
		
		
			</item>
		<item>
		<title>Grand Italiano</title>
		<link>/produktas/grand-italiano/</link>
					<comments>/produktas/grand-italiano/#comments</comments>
		
		<dc:creator><![CDATA[admin]]></dc:creator>
		<pubDate>Thu, 10 Dec 2020 19:30:28 +0000</pubDate>
				<guid isPermaLink="false">https://startertemplatecloud.com/e09/?post_type=product&#038;p=972</guid>

					<description><![CDATA[Adipiscing commodo elit at imperdiet. Ipsum nunc aliquet bibendum enim facilisis gravida neque. Lacus luctus accumsan tortor posuere ac.]]></description>
										<content:encoded><![CDATA[<p>Adipiscing commodo elit at imperdiet. Ipsum nunc aliquet bibendum enim facilisis gravida neque. Lacus luctus accumsan tortor posuere ac. Convallis tellus id interdum velit laoreet id. In dictum non consectetur a erat. Augue mauris augue neque gravida in fermentum. Blandit cursus risus at ultrices.</p>
]]></content:encoded>
					
					<wfw:commentRss>/produktas/grand-italiano/feed/</wfw:commentRss>
			<slash:comments>1</slash:comments>
		
		
			</item>
		<item>
		<title>Chicken Hawaii</title>
		<link>/produktas/chicken-hawaii/</link>
					<comments>/produktas/chicken-hawaii/#comments</comments>
		
		<dc:creator><![CDATA[admin]]></dc:creator>
		<pubDate>Thu, 10 Dec 2020 19:30:17 +0000</pubDate>
				<guid isPermaLink="false">https://startertemplatecloud.com/e09/?post_type=product&#038;p=971</guid>

					<description><![CDATA[Adipiscing commodo elit at imperdiet. Ipsum nunc aliquet bibendum enim facilisis gravida neque. Lacus luctus accumsan tortor posuere ac.]]></description>
										<content:encoded><![CDATA[<p>Adipiscing commodo elit at imperdiet. Ipsum nunc aliquet bibendum enim facilisis gravida neque. Lacus luctus accumsan tortor posuere ac. Convallis tellus id interdum velit laoreet id. In dictum non consectetur a erat. Augue mauris augue neque gravida in fermentum. Blandit cursus risus at ultrices.</p>
]]></content:encoded>
					
					<wfw:commentRss>/produktas/chicken-hawaii/feed/</wfw:commentRss>
			<slash:comments>1</slash:comments>
		
		
			</item>
		<item>
		<title>Apricot Chicken</title>
		<link>/produktas/apricot-chicken/</link>
					<comments>/produktas/apricot-chicken/#respond</comments>
		
		<dc:creator><![CDATA[admin]]></dc:creator>
		<pubDate>Thu, 10 Dec 2020 19:30:05 +0000</pubDate>
				<guid isPermaLink="false">https://startertemplatecloud.com/e09/?post_type=product&#038;p=970</guid>

					<description><![CDATA[Adipiscing commodo elit at imperdiet. Ipsum nunc aliquet bibendum enim facilisis gravida neque. Lacus luctus accumsan tortor posuere ac.]]></description>
										<content:encoded><![CDATA[<p>Adipiscing commodo elit at imperdiet. Ipsum nunc aliquet bibendum enim facilisis gravida neque. Lacus luctus accumsan tortor posuere ac. Convallis tellus id interdum velit laoreet id. In dictum non consectetur a erat. Augue mauris augue neque gravida in fermentum. Blandit cursus risus at ultrices.</p>
]]></content:encoded>
					
					<wfw:commentRss>/produktas/apricot-chicken/feed/</wfw:commentRss>
			<slash:comments>0</slash:comments>
		
		
			</item>
		<item>
		<title>Pepperoni Pizza</title>
		<link>/produktas/pepperoni-pizza/</link>
					<comments>/produktas/pepperoni-pizza/#respond</comments>
		
		<dc:creator><![CDATA[admin]]></dc:creator>
		<pubDate>Thu, 10 Dec 2020 19:26:16 +0000</pubDate>
				<guid isPermaLink="false">https://startertemplatecloud.com/e09/?post_type=product&#038;p=962</guid>

					<description><![CDATA[Adipiscing commodo elit at imperdiet. Ipsum nunc aliquet bibendum enim facilisis gravida neque. Lacus luctus accumsan tortor posuere ac.]]></description>
										<content:encoded><![CDATA[<p>Adipiscing commodo elit at imperdiet. Ipsum nunc aliquet bibendum enim facilisis gravida neque. Lacus luctus accumsan tortor posuere ac. Convallis tellus id interdum velit laoreet id. In dictum non consectetur a erat. Augue mauris augue neque gravida in fermentum. Blandit cursus risus at ultrices.</p>
]]></content:encoded>
					
					<wfw:commentRss>/produktas/pepperoni-pizza/feed/</wfw:commentRss>
			<slash:comments>0</slash:comments>
		
		
			</item>
		<item>
		<title>Summer Pizza</title>
		<link>/produktas/summer-pizza/</link>
					<comments>/produktas/summer-pizza/#respond</comments>
		
		<dc:creator><![CDATA[admin]]></dc:creator>
		<pubDate>Thu, 10 Dec 2020 19:14:49 +0000</pubDate>
				<guid isPermaLink="false">https://startertemplatecloud.com/e09/?post_type=product&#038;p=954</guid>

					<description><![CDATA[<div class="woocommerce-tabs wc-tabs-wrapper">
<div id="tab-description" class="woocommerce-Tabs-panel woocommerce-Tabs-panel--description panel entry-content wc-tab" role="tabpanel" aria-labelledby="tab-title-description">

Adipiscing commodo elit at imperdiet. Ipsum nunc aliquet bibendum enim facilisis gravida neque. Lacus luctus accumsan tortor posuere ac.

</div>
</div>]]></description>
										<content:encoded><![CDATA[<div class="woocommerce-tabs wc-tabs-wrapper">
<div id="tab-description" class="woocommerce-Tabs-panel woocommerce-Tabs-panel--description panel entry-content wc-tab" role="tabpanel" aria-labelledby="tab-title-description">
<p>Adipiscing commodo elit at imperdiet. Ipsum nunc aliquet bibendum enim facilisis gravida neque. Lacus luctus accumsan tortor posuere ac. Convallis tellus id interdum velit laoreet id. In dictum non consectetur a erat. Augue mauris augue neque gravida in fermentum. Blandit cursus risus at ultrices.</p>
</div>
</div>
]]></content:encoded>
					
					<wfw:commentRss>/produktas/summer-pizza/feed/</wfw:commentRss>
			<slash:comments>0</slash:comments>
		
		
			</item>
	</channel>
</rss>
