<?xml version="1.0" encoding="UTF-8"?><rss version="2.0"
	xmlns:content="http://purl.org/rss/1.0/modules/content/"
	xmlns:wfw="http://wellformedweb.org/CommentAPI/"
	xmlns:dc="http://purl.org/dc/elements/1.1/"
	xmlns:atom="http://www.w3.org/2005/Atom"
	xmlns:sy="http://purl.org/rss/1.0/modules/syndication/"
	xmlns:slash="http://purl.org/rss/1.0/modules/slash/"
	>

<channel>
	<title>Mano blog</title>
	<atom:link href="/feed/" rel="self" type="application/rss+xml" />
	<link></link>
	<description>Tiesiog dar viena WordPress svetainė</description>
	<lastBuildDate>Sat, 25 Dec 2021 15:34:28 +0000</lastBuildDate>
	<language>lt-LT</language>
	<sy:updatePeriod>
	hourly	</sy:updatePeriod>
	<sy:updateFrequency>
	1	</sy:updateFrequency>
	<generator>https://wordpress.org/?v=5.8.2</generator>
	<item>
		<title>Hello world!</title>
		<link>/uncategorized/hello-world/</link>
					<comments>/uncategorized/hello-world/#respond</comments>
		
		<dc:creator><![CDATA[admin]]></dc:creator>
		<pubDate>Sat, 25 Dec 2021 15:34:28 +0000</pubDate>
				<category><![CDATA[Uncategorized]]></category>
		<guid isPermaLink="false">/?p=1</guid>

					<description><![CDATA[Welcome to WordPress. This is your first post. Edit or delete it, then start writing!]]></description>
										<content:encoded><![CDATA[
<p>Welcome to WordPress. This is your first post. Edit or delete it, then start writing!</p>
]]></content:encoded>
					
					<wfw:commentRss>/uncategorized/hello-world/feed/</wfw:commentRss>
			<slash:comments>0</slash:comments>
		
		
			</item>
		<item>
		<title>Sohla Shows You How to Strut Your Strata</title>
		<link>/chicken/sohla-shows-you-how-to-strut-your-strata/</link>
					<comments>/chicken/sohla-shows-you-how-to-strut-your-strata/#respond</comments>
		
		<dc:creator><![CDATA[admin]]></dc:creator>
		<pubDate>Tue, 08 Dec 2020 18:11:15 +0000</pubDate>
				<category><![CDATA[Chicken]]></category>
		<category><![CDATA[Food]]></category>
		<guid isPermaLink="false">https://startertemplatecloud.com/e09/?p=553</guid>

					<description><![CDATA[Vestibulum lectus mauris ultrices eros in cursus turpis. Eleifend quam adipiscing vitae proin. Mattis molestie a iaculis at erat. Pellentesque habitant morbi tristique senectus et...]]></description>
										<content:encoded><![CDATA[
<p>Vestibulum lectus mauris ultrices eros in cursus turpis. Eleifend quam adipiscing vitae proin. Mattis molestie a iaculis at erat. Pellentesque habitant morbi tristique senectus et netus et malesuada fames. Eu tincidunt tortor aliquam nulla. Commodo ullamcorper a lacus vestibulum sed arcu non odio. Arcu dui vivamus arcu felis bibendum ut tristique et egestas. Amet nulla facilisi morbi tempus iaculis urna id volutpat. Ac odio tempor orci dapibus ultrices. Egestas erat imperdiet sed euismod nisi porta lorem. Nulla at volutpat diam ut venenatis. Leo urna molestie at elementum eu facilisis sed odio morbi.</p>



<div class="wp-block-kadence-rowlayout alignnone"><div id="kt-layout-id_d926bf-2b" class="kt-row-layout-inner kt-layout-id_d926bf-2b"><div class="kt-row-column-wrap kt-has-2-columns kt-gutter-default kt-v-gutter-default kt-row-valign-top kt-row-layout-equal kt-tab-layout-inherit kt-m-colapse-left-to-right kt-mobile-layout-row  kt-custom-first-width-50  kt-custom-second-width-50">
<div class="wp-block-kadence-column inner-column-1 kadence-column_48970a-f8"><div class="kt-inside-inner-col">
<p>Lorem ipsum dolor sit amet, consectetur adipiscing elit, sed do eiusmod tempor incididunt ut labore et dolore magna aliqua. Sociis natoque penatibus et magnis dis parturient montes nascetur ridiculus. Nulla posuere sollicitudin aliquam ultrices sagittis orci a scelerisque. Purus sit amet luctus venenatis lectus. Vel risus commodo viverra maecenas accumsan lacus vel facilisis. Laoreet id donec ultrices tincidunt arcu. Aliquet porttitor lacus luctus accumsan tortor posuere ac ut. Curabitur vitae nunc sed velit dignissim sodales ut eu. Venenatis lectus magna fringilla urna. Turpis massa tincidunt dui ut ornare lectus sit amet est. Sit amet facilisis magna etiam tempor orci eu lobortis.</p>
</div></div>



<div class="wp-block-kadence-column inner-column-2 kadence-column_39ff88-a5"><div class="kt-inside-inner-col">
<p>Enim tortor at auctor urna nunc. Pellentesque sit amet porttitor eget dolor morbi non arcu. Imperdiet proin fermentum leo vel orci porta non pulvinar. Eu sem integer vitae justo. Viverra vitae congue eu consequat. Varius duis at consectetur lorem. Pellentesque diam volutpat commodo sed. Nulla aliquet enim tortor at auctor. Dolor magna eget est lorem ipsum dolor sit amet. Pretium vulputate sapien nec sagittis aliquam. Maecenas pharetra convallis posuere morbi leo urna molestie at. Parturient montes nascetur ridiculus mus. Tincidunt tortor aliquam nulla facilisi. Ut faucibus pulvinar elementum integer enim neque volutpat ac tincidunt. </p>
</div></div>
</div></div></div>



<p>Quam nulla porttitor massa id neque aliquam vestibulum morbi. Sapien pellentesque habitant morbi tristique senectus et netus et malesuada. Dui vivamus arcu felis bibendum ut tristique. Elementum nisi quis eleifend quam. Donec ac odio tempor orci dapibus ultrices in iaculis. Enim neque volutpat ac tincidunt vitae semper quis. Morbi tincidunt ornare massa eget egestas purus viverra accumsan in. Mattis vulputate enim nulla aliquet porttitor lacus luctus accumsan tortor. Lectus magna fringilla urna porttitor rhoncus dolor purus non. Tempus imperdiet nulla malesuada pellentesque elit eget. Consequat semper viverra nam libero justo laoreet sit amet cursus.</p>



<div class="wp-block-kadence-rowlayout alignnone"><div id="kt-layout-id_fe99ab-6a" class="kt-row-layout-inner kt-layout-id_fe99ab-6a"><div class="kt-row-column-wrap kt-has-2-columns kt-gutter-default kt-v-gutter-default kt-row-valign-top kt-row-layout-equal kt-tab-layout-inherit kt-m-colapse-left-to-right kt-mobile-layout-row">
<div class="wp-block-kadence-column inner-column-1 kadence-column_abaaa0-4a"><div class="kt-inside-inner-col">
<figure class="wp-block-image size-large"><img loading="lazy" width="1024" height="684" src="/wp-content/uploads/2020/12/wesual-click-y7s_Wby3woo-unsplash-1024x684.jpg" alt="" class="wp-image-563" srcset="/wp-content/uploads/2020/12/wesual-click-y7s_Wby3woo-unsplash-1024x684.jpg 1024w, /wp-content/uploads/2020/12/wesual-click-y7s_Wby3woo-unsplash-300x200.jpg 300w, /wp-content/uploads/2020/12/wesual-click-y7s_Wby3woo-unsplash-768x513.jpg 768w, /wp-content/uploads/2020/12/wesual-click-y7s_Wby3woo-unsplash-600x401.jpg 600w, /wp-content/uploads/2020/12/wesual-click-y7s_Wby3woo-unsplash.jpg 1400w" sizes="(max-width: 1024px) 100vw, 1024px" /><figcaption>Fast Food</figcaption></figure>
</div></div>



<div class="wp-block-kadence-column inner-column-2 kadence-column_332845-8e"><div class="kt-inside-inner-col">
<figure class="wp-block-image size-large"><img loading="lazy" width="1024" height="682" src="/wp-content/uploads/2020/12/kelvin-theseira-AcA8moIiD3g-unsplash-1024x682.jpg" alt="" class="wp-image-557" srcset="/wp-content/uploads/2020/12/kelvin-theseira-AcA8moIiD3g-unsplash-1024x682.jpg 1024w, /wp-content/uploads/2020/12/kelvin-theseira-AcA8moIiD3g-unsplash-300x200.jpg 300w, /wp-content/uploads/2020/12/kelvin-theseira-AcA8moIiD3g-unsplash-768x512.jpg 768w, /wp-content/uploads/2020/12/kelvin-theseira-AcA8moIiD3g-unsplash-600x400.jpg 600w, /wp-content/uploads/2020/12/kelvin-theseira-AcA8moIiD3g-unsplash.jpg 1400w" sizes="(max-width: 1024px) 100vw, 1024px" /><figcaption>Pizza Time</figcaption></figure>
</div></div>
</div></div></div>



<p>Imperdiet proin fermentum leo vel orci. Fermentum leo vel orci porta non. Auctor urna nunc id cursus metus aliquam eleifend mi. Arcu ac tortor dignissim convallis aenean et tortor at. Urna condimentum mattis pellentesque id. Nec sagittis aliquam malesuada bibendum arcu vitae elementum curabitur. Diam phasellus vestibulum lorem sed risus ultricies tristique. Dignissim sodales ut eu sem integer vitae justo eget magna. Elit pellentesque habitant morbi tristique senectus. Enim diam vulputate ut pharetra. Eget nulla facilisi etiam dignissim diam quis. Lectus quam id leo in vitae turpis massa sed. Dignissim enim sit amet venenatis. Nulla at volutpat diam ut venenatis tellus in metus. Nunc id cursus metus aliquam eleifend mi in nulla. Faucibus nisl tincidunt eget nullam non nisi est sit. Bibendum arcu vitae elementum curabitur vitae nunc sed velit dignissim. Placerat vestibulum lectus mauris ultrices eros.</p>



<blockquote class="wp-block-quote"><p>Pretium viverra suspendisse potenti nullam ac. Quam lacus suspendisse faucibus interdum posuere lorem ipsum dolor sit. Urna cursus eget nunc scelerisque viverra mauris in aliquam sem. Mattis pellentesque id nibh tortor id. Dignissim diam quis enim lobortis scelerisque. Vulputate enim nulla aliquet porttitor lacus luctus accumsan tortor. Suspendisse sed nisi lacus sed viverra. Eget nullam non nisi est sit amet facilisis magna etiam. Arcu dictum varius duis at consectetur lorem donec massa sapien. Risus ultricies tristique nulla aliquet enim tortor at. Elit eget gravida cum sociis natoque. Vitae sapien pellentesque habitant morbi. Ut sem nulla pharetra diam sit amet. Duis convallis convallis tellus id. Sed vulputate mi sit amet mauris commodo. Volutpat consequat mauris nunc congue nisi.</p><cite>Mark Johnson</cite></blockquote>



<p>Neque gravida in fermentum et sollicitudin ac orci phasellus egestas. Nulla posuere sollicitudin aliquam ultrices sagittis orci a. Non quam lacus suspendisse faucibus interdum. Vitae turpis massa sed elementum. Fusce id velit ut tortor pretium. Mus mauris vitae ultricies leo. Enim lobortis scelerisque fermentum dui faucibus in ornare quam viverra. Lorem donec massa sapien faucibus et molestie ac.</p>
]]></content:encoded>
					
					<wfw:commentRss>/chicken/sohla-shows-you-how-to-strut-your-strata/feed/</wfw:commentRss>
			<slash:comments>0</slash:comments>
		
		
			</item>
		<item>
		<title>We can&#8217;t believe it&#8217;s not leather</title>
		<link>/chicken/we-cant-believe-its-not-leather/</link>
					<comments>/chicken/we-cant-believe-its-not-leather/#respond</comments>
		
		<dc:creator><![CDATA[admin]]></dc:creator>
		<pubDate>Tue, 08 Dec 2020 18:11:07 +0000</pubDate>
				<category><![CDATA[Chicken]]></category>
		<category><![CDATA[Food]]></category>
		<guid isPermaLink="false">https://startertemplatecloud.com/e09/?p=552</guid>

					<description><![CDATA[Vestibulum lectus mauris ultrices eros in cursus turpis. Eleifend quam adipiscing vitae proin. Mattis molestie a iaculis at erat. Pellentesque habitant morbi tristique senectus et...]]></description>
										<content:encoded><![CDATA[
<p>Vestibulum lectus mauris ultrices eros in cursus turpis. Eleifend quam adipiscing vitae proin. Mattis molestie a iaculis at erat. Pellentesque habitant morbi tristique senectus et netus et malesuada fames. Eu tincidunt tortor aliquam nulla. Commodo ullamcorper a lacus vestibulum sed arcu non odio. Arcu dui vivamus arcu felis bibendum ut tristique et egestas. Amet nulla facilisi morbi tempus iaculis urna id volutpat. Ac odio tempor orci dapibus ultrices. Egestas erat imperdiet sed euismod nisi porta lorem. Nulla at volutpat diam ut venenatis. Leo urna molestie at elementum eu facilisis sed odio morbi.</p>



<div class="wp-block-kadence-rowlayout alignnone"><div id="kt-layout-id_d926bf-2b" class="kt-row-layout-inner kt-layout-id_d926bf-2b"><div class="kt-row-column-wrap kt-has-2-columns kt-gutter-default kt-v-gutter-default kt-row-valign-top kt-row-layout-equal kt-tab-layout-inherit kt-m-colapse-left-to-right kt-mobile-layout-row  kt-custom-first-width-50  kt-custom-second-width-50">
<div class="wp-block-kadence-column inner-column-1 kadence-column_48970a-f8"><div class="kt-inside-inner-col">
<p>Lorem ipsum dolor sit amet, consectetur adipiscing elit, sed do eiusmod tempor incididunt ut labore et dolore magna aliqua. Sociis natoque penatibus et magnis dis parturient montes nascetur ridiculus. Nulla posuere sollicitudin aliquam ultrices sagittis orci a scelerisque. Purus sit amet luctus venenatis lectus. Vel risus commodo viverra maecenas accumsan lacus vel facilisis. Laoreet id donec ultrices tincidunt arcu. Aliquet porttitor lacus luctus accumsan tortor posuere ac ut. Curabitur vitae nunc sed velit dignissim sodales ut eu. Venenatis lectus magna fringilla urna. Turpis massa tincidunt dui ut ornare lectus sit amet est. Sit amet facilisis magna etiam tempor orci eu lobortis.</p>
</div></div>



<div class="wp-block-kadence-column inner-column-2 kadence-column_39ff88-a5"><div class="kt-inside-inner-col">
<p>Enim tortor at auctor urna nunc. Pellentesque sit amet porttitor eget dolor morbi non arcu. Imperdiet proin fermentum leo vel orci porta non pulvinar. Eu sem integer vitae justo. Viverra vitae congue eu consequat. Varius duis at consectetur lorem. Pellentesque diam volutpat commodo sed. Nulla aliquet enim tortor at auctor. Dolor magna eget est lorem ipsum dolor sit amet. Pretium vulputate sapien nec sagittis aliquam. Maecenas pharetra convallis posuere morbi leo urna molestie at. Parturient montes nascetur ridiculus mus. Tincidunt tortor aliquam nulla facilisi. Ut faucibus pulvinar elementum integer enim neque volutpat ac tincidunt. </p>
</div></div>
</div></div></div>



<p>Quam nulla porttitor massa id neque aliquam vestibulum morbi. Sapien pellentesque habitant morbi tristique senectus et netus et malesuada. Dui vivamus arcu felis bibendum ut tristique. Elementum nisi quis eleifend quam. Donec ac odio tempor orci dapibus ultrices in iaculis. Enim neque volutpat ac tincidunt vitae semper quis. Morbi tincidunt ornare massa eget egestas purus viverra accumsan in. Mattis vulputate enim nulla aliquet porttitor lacus luctus accumsan tortor. Lectus magna fringilla urna porttitor rhoncus dolor purus non. Tempus imperdiet nulla malesuada pellentesque elit eget. Consequat semper viverra nam libero justo laoreet sit amet cursus.</p>



<div class="wp-block-kadence-rowlayout alignnone"><div id="kt-layout-id_fe99ab-6a" class="kt-row-layout-inner kt-layout-id_fe99ab-6a"><div class="kt-row-column-wrap kt-has-2-columns kt-gutter-default kt-v-gutter-default kt-row-valign-top kt-row-layout-equal kt-tab-layout-inherit kt-m-colapse-left-to-right kt-mobile-layout-row">
<div class="wp-block-kadence-column inner-column-1 kadence-column_abaaa0-4a"><div class="kt-inside-inner-col">
<figure class="wp-block-image size-large"><img loading="lazy" width="1024" height="684" src="/wp-content/uploads/2020/12/wesual-click-y7s_Wby3woo-unsplash-1024x684.jpg" alt="" class="wp-image-563" srcset="/wp-content/uploads/2020/12/wesual-click-y7s_Wby3woo-unsplash-1024x684.jpg 1024w, /wp-content/uploads/2020/12/wesual-click-y7s_Wby3woo-unsplash-300x200.jpg 300w, /wp-content/uploads/2020/12/wesual-click-y7s_Wby3woo-unsplash-768x513.jpg 768w, /wp-content/uploads/2020/12/wesual-click-y7s_Wby3woo-unsplash-600x401.jpg 600w, /wp-content/uploads/2020/12/wesual-click-y7s_Wby3woo-unsplash.jpg 1400w" sizes="(max-width: 1024px) 100vw, 1024px" /><figcaption>Fast Food</figcaption></figure>
</div></div>



<div class="wp-block-kadence-column inner-column-2 kadence-column_332845-8e"><div class="kt-inside-inner-col">
<figure class="wp-block-image size-large"><img loading="lazy" width="1024" height="682" src="/wp-content/uploads/2020/12/kelvin-theseira-AcA8moIiD3g-unsplash-1024x682.jpg" alt="" class="wp-image-557" srcset="/wp-content/uploads/2020/12/kelvin-theseira-AcA8moIiD3g-unsplash-1024x682.jpg 1024w, /wp-content/uploads/2020/12/kelvin-theseira-AcA8moIiD3g-unsplash-300x200.jpg 300w, /wp-content/uploads/2020/12/kelvin-theseira-AcA8moIiD3g-unsplash-768x512.jpg 768w, /wp-content/uploads/2020/12/kelvin-theseira-AcA8moIiD3g-unsplash-600x400.jpg 600w, /wp-content/uploads/2020/12/kelvin-theseira-AcA8moIiD3g-unsplash.jpg 1400w" sizes="(max-width: 1024px) 100vw, 1024px" /><figcaption>Pizza Time</figcaption></figure>
</div></div>
</div></div></div>



<p>Imperdiet proin fermentum leo vel orci. Fermentum leo vel orci porta non. Auctor urna nunc id cursus metus aliquam eleifend mi. Arcu ac tortor dignissim convallis aenean et tortor at. Urna condimentum mattis pellentesque id. Nec sagittis aliquam malesuada bibendum arcu vitae elementum curabitur. Diam phasellus vestibulum lorem sed risus ultricies tristique. Dignissim sodales ut eu sem integer vitae justo eget magna. Elit pellentesque habitant morbi tristique senectus. Enim diam vulputate ut pharetra. Eget nulla facilisi etiam dignissim diam quis. Lectus quam id leo in vitae turpis massa sed. Dignissim enim sit amet venenatis. Nulla at volutpat diam ut venenatis tellus in metus. Nunc id cursus metus aliquam eleifend mi in nulla. Faucibus nisl tincidunt eget nullam non nisi est sit. Bibendum arcu vitae elementum curabitur vitae nunc sed velit dignissim. Placerat vestibulum lectus mauris ultrices eros.</p>



<blockquote class="wp-block-quote"><p>Pretium viverra suspendisse potenti nullam ac. Quam lacus suspendisse faucibus interdum posuere lorem ipsum dolor sit. Urna cursus eget nunc scelerisque viverra mauris in aliquam sem. Mattis pellentesque id nibh tortor id. Dignissim diam quis enim lobortis scelerisque. Vulputate enim nulla aliquet porttitor lacus luctus accumsan tortor. Suspendisse sed nisi lacus sed viverra. Eget nullam non nisi est sit amet facilisis magna etiam. Arcu dictum varius duis at consectetur lorem donec massa sapien. Risus ultricies tristique nulla aliquet enim tortor at. Elit eget gravida cum sociis natoque. Vitae sapien pellentesque habitant morbi. Ut sem nulla pharetra diam sit amet. Duis convallis convallis tellus id. Sed vulputate mi sit amet mauris commodo. Volutpat consequat mauris nunc congue nisi.</p><cite>Mark Johnson</cite></blockquote>



<p>Neque gravida in fermentum et sollicitudin ac orci phasellus egestas. Nulla posuere sollicitudin aliquam ultrices sagittis orci a. Non quam lacus suspendisse faucibus interdum. Vitae turpis massa sed elementum. Fusce id velit ut tortor pretium. Mus mauris vitae ultricies leo. Enim lobortis scelerisque fermentum dui faucibus in ornare quam viverra. Lorem donec massa sapien faucibus et molestie ac.</p>
]]></content:encoded>
					
					<wfw:commentRss>/chicken/we-cant-believe-its-not-leather/feed/</wfw:commentRss>
			<slash:comments>0</slash:comments>
		
		
			</item>
		<item>
		<title>The Unforgettable Pasta That Makes Me Long For Italy</title>
		<link>/chicken/the-unforgettable-pasta-that-makes-me-long-for-italy/</link>
					<comments>/chicken/the-unforgettable-pasta-that-makes-me-long-for-italy/#respond</comments>
		
		<dc:creator><![CDATA[admin]]></dc:creator>
		<pubDate>Tue, 08 Dec 2020 18:10:58 +0000</pubDate>
				<category><![CDATA[Chicken]]></category>
		<category><![CDATA[Food]]></category>
		<guid isPermaLink="false">https://startertemplatecloud.com/e09/?p=551</guid>

					<description><![CDATA[Vestibulum lectus mauris ultrices eros in cursus turpis. Eleifend quam adipiscing vitae proin. Mattis molestie a iaculis at erat. Pellentesque habitant morbi tristique senectus et...]]></description>
										<content:encoded><![CDATA[
<p>Vestibulum lectus mauris ultrices eros in cursus turpis. Eleifend quam adipiscing vitae proin. Mattis molestie a iaculis at erat. Pellentesque habitant morbi tristique senectus et netus et malesuada fames. Eu tincidunt tortor aliquam nulla. Commodo ullamcorper a lacus vestibulum sed arcu non odio. Arcu dui vivamus arcu felis bibendum ut tristique et egestas. Amet nulla facilisi morbi tempus iaculis urna id volutpat. Ac odio tempor orci dapibus ultrices. Egestas erat imperdiet sed euismod nisi porta lorem. Nulla at volutpat diam ut venenatis. Leo urna molestie at elementum eu facilisis sed odio morbi.</p>



<div class="wp-block-kadence-rowlayout alignnone"><div id="kt-layout-id_d926bf-2b" class="kt-row-layout-inner kt-layout-id_d926bf-2b"><div class="kt-row-column-wrap kt-has-2-columns kt-gutter-default kt-v-gutter-default kt-row-valign-top kt-row-layout-equal kt-tab-layout-inherit kt-m-colapse-left-to-right kt-mobile-layout-row  kt-custom-first-width-50  kt-custom-second-width-50">
<div class="wp-block-kadence-column inner-column-1 kadence-column_48970a-f8"><div class="kt-inside-inner-col">
<p>Lorem ipsum dolor sit amet, consectetur adipiscing elit, sed do eiusmod tempor incididunt ut labore et dolore magna aliqua. Sociis natoque penatibus et magnis dis parturient montes nascetur ridiculus. Nulla posuere sollicitudin aliquam ultrices sagittis orci a scelerisque. Purus sit amet luctus venenatis lectus. Vel risus commodo viverra maecenas accumsan lacus vel facilisis. Laoreet id donec ultrices tincidunt arcu. Aliquet porttitor lacus luctus accumsan tortor posuere ac ut. Curabitur vitae nunc sed velit dignissim sodales ut eu. Venenatis lectus magna fringilla urna. Turpis massa tincidunt dui ut ornare lectus sit amet est. Sit amet facilisis magna etiam tempor orci eu lobortis.</p>
</div></div>



<div class="wp-block-kadence-column inner-column-2 kadence-column_39ff88-a5"><div class="kt-inside-inner-col">
<p>Enim tortor at auctor urna nunc. Pellentesque sit amet porttitor eget dolor morbi non arcu. Imperdiet proin fermentum leo vel orci porta non pulvinar. Eu sem integer vitae justo. Viverra vitae congue eu consequat. Varius duis at consectetur lorem. Pellentesque diam volutpat commodo sed. Nulla aliquet enim tortor at auctor. Dolor magna eget est lorem ipsum dolor sit amet. Pretium vulputate sapien nec sagittis aliquam. Maecenas pharetra convallis posuere morbi leo urna molestie at. Parturient montes nascetur ridiculus mus. Tincidunt tortor aliquam nulla facilisi. Ut faucibus pulvinar elementum integer enim neque volutpat ac tincidunt. </p>
</div></div>
</div></div></div>



<p>Quam nulla porttitor massa id neque aliquam vestibulum morbi. Sapien pellentesque habitant morbi tristique senectus et netus et malesuada. Dui vivamus arcu felis bibendum ut tristique. Elementum nisi quis eleifend quam. Donec ac odio tempor orci dapibus ultrices in iaculis. Enim neque volutpat ac tincidunt vitae semper quis. Morbi tincidunt ornare massa eget egestas purus viverra accumsan in. Mattis vulputate enim nulla aliquet porttitor lacus luctus accumsan tortor. Lectus magna fringilla urna porttitor rhoncus dolor purus non. Tempus imperdiet nulla malesuada pellentesque elit eget. Consequat semper viverra nam libero justo laoreet sit amet cursus.</p>



<div class="wp-block-kadence-rowlayout alignnone"><div id="kt-layout-id_fe99ab-6a" class="kt-row-layout-inner kt-layout-id_fe99ab-6a"><div class="kt-row-column-wrap kt-has-2-columns kt-gutter-default kt-v-gutter-default kt-row-valign-top kt-row-layout-equal kt-tab-layout-inherit kt-m-colapse-left-to-right kt-mobile-layout-row">
<div class="wp-block-kadence-column inner-column-1 kadence-column_abaaa0-4a"><div class="kt-inside-inner-col">
<figure class="wp-block-image size-large"><img loading="lazy" width="1024" height="684" src="/wp-content/uploads/2020/12/wesual-click-y7s_Wby3woo-unsplash-1024x684.jpg" alt="" class="wp-image-563" srcset="/wp-content/uploads/2020/12/wesual-click-y7s_Wby3woo-unsplash-1024x684.jpg 1024w, /wp-content/uploads/2020/12/wesual-click-y7s_Wby3woo-unsplash-300x200.jpg 300w, /wp-content/uploads/2020/12/wesual-click-y7s_Wby3woo-unsplash-768x513.jpg 768w, /wp-content/uploads/2020/12/wesual-click-y7s_Wby3woo-unsplash-600x401.jpg 600w, /wp-content/uploads/2020/12/wesual-click-y7s_Wby3woo-unsplash.jpg 1400w" sizes="(max-width: 1024px) 100vw, 1024px" /><figcaption>Fast Food</figcaption></figure>
</div></div>



<div class="wp-block-kadence-column inner-column-2 kadence-column_332845-8e"><div class="kt-inside-inner-col">
<figure class="wp-block-image size-large"><img loading="lazy" width="1024" height="682" src="/wp-content/uploads/2020/12/kelvin-theseira-AcA8moIiD3g-unsplash-1024x682.jpg" alt="" class="wp-image-557" srcset="/wp-content/uploads/2020/12/kelvin-theseira-AcA8moIiD3g-unsplash-1024x682.jpg 1024w, /wp-content/uploads/2020/12/kelvin-theseira-AcA8moIiD3g-unsplash-300x200.jpg 300w, /wp-content/uploads/2020/12/kelvin-theseira-AcA8moIiD3g-unsplash-768x512.jpg 768w, /wp-content/uploads/2020/12/kelvin-theseira-AcA8moIiD3g-unsplash-600x400.jpg 600w, /wp-content/uploads/2020/12/kelvin-theseira-AcA8moIiD3g-unsplash.jpg 1400w" sizes="(max-width: 1024px) 100vw, 1024px" /><figcaption>Pizza Time</figcaption></figure>
</div></div>
</div></div></div>



<p>Imperdiet proin fermentum leo vel orci. Fermentum leo vel orci porta non. Auctor urna nunc id cursus metus aliquam eleifend mi. Arcu ac tortor dignissim convallis aenean et tortor at. Urna condimentum mattis pellentesque id. Nec sagittis aliquam malesuada bibendum arcu vitae elementum curabitur. Diam phasellus vestibulum lorem sed risus ultricies tristique. Dignissim sodales ut eu sem integer vitae justo eget magna. Elit pellentesque habitant morbi tristique senectus. Enim diam vulputate ut pharetra. Eget nulla facilisi etiam dignissim diam quis. Lectus quam id leo in vitae turpis massa sed. Dignissim enim sit amet venenatis. Nulla at volutpat diam ut venenatis tellus in metus. Nunc id cursus metus aliquam eleifend mi in nulla. Faucibus nisl tincidunt eget nullam non nisi est sit. Bibendum arcu vitae elementum curabitur vitae nunc sed velit dignissim. Placerat vestibulum lectus mauris ultrices eros.</p>



<blockquote class="wp-block-quote"><p>Pretium viverra suspendisse potenti nullam ac. Quam lacus suspendisse faucibus interdum posuere lorem ipsum dolor sit. Urna cursus eget nunc scelerisque viverra mauris in aliquam sem. Mattis pellentesque id nibh tortor id. Dignissim diam quis enim lobortis scelerisque. Vulputate enim nulla aliquet porttitor lacus luctus accumsan tortor. Suspendisse sed nisi lacus sed viverra. Eget nullam non nisi est sit amet facilisis magna etiam. Arcu dictum varius duis at consectetur lorem donec massa sapien. Risus ultricies tristique nulla aliquet enim tortor at. Elit eget gravida cum sociis natoque. Vitae sapien pellentesque habitant morbi. Ut sem nulla pharetra diam sit amet. Duis convallis convallis tellus id. Sed vulputate mi sit amet mauris commodo. Volutpat consequat mauris nunc congue nisi.</p><cite>Mark Johnson</cite></blockquote>



<p>Neque gravida in fermentum et sollicitudin ac orci phasellus egestas. Nulla posuere sollicitudin aliquam ultrices sagittis orci a. Non quam lacus suspendisse faucibus interdum. Vitae turpis massa sed elementum. Fusce id velit ut tortor pretium. Mus mauris vitae ultricies leo. Enim lobortis scelerisque fermentum dui faucibus in ornare quam viverra. Lorem donec massa sapien faucibus et molestie ac.</p>
]]></content:encoded>
					
					<wfw:commentRss>/chicken/the-unforgettable-pasta-that-makes-me-long-for-italy/feed/</wfw:commentRss>
			<slash:comments>0</slash:comments>
		
		
			</item>
		<item>
		<title>My Time-Traveling Bowl of Spaghetti &#038; Meat Sauce</title>
		<link>/chicken/my-time-traveling-bowl-of-spaghetti-meat-sauce/</link>
					<comments>/chicken/my-time-traveling-bowl-of-spaghetti-meat-sauce/#respond</comments>
		
		<dc:creator><![CDATA[admin]]></dc:creator>
		<pubDate>Tue, 08 Dec 2020 18:10:34 +0000</pubDate>
				<category><![CDATA[Chicken]]></category>
		<category><![CDATA[Food]]></category>
		<guid isPermaLink="false">https://startertemplatecloud.com/e09/?p=550</guid>

					<description><![CDATA[Vestibulum lectus mauris ultrices eros in cursus turpis. Eleifend quam adipiscing vitae proin. Mattis molestie a iaculis at erat. Pellentesque habitant morbi tristique senectus et...]]></description>
										<content:encoded><![CDATA[
<p>Vestibulum lectus mauris ultrices eros in cursus turpis. Eleifend quam adipiscing vitae proin. Mattis molestie a iaculis at erat. Pellentesque habitant morbi tristique senectus et netus et malesuada fames. Eu tincidunt tortor aliquam nulla. Commodo ullamcorper a lacus vestibulum sed arcu non odio. Arcu dui vivamus arcu felis bibendum ut tristique et egestas. Amet nulla facilisi morbi tempus iaculis urna id volutpat. Ac odio tempor orci dapibus ultrices. Egestas erat imperdiet sed euismod nisi porta lorem. Nulla at volutpat diam ut venenatis. Leo urna molestie at elementum eu facilisis sed odio morbi.</p>



<div class="wp-block-kadence-rowlayout alignnone"><div id="kt-layout-id_d926bf-2b" class="kt-row-layout-inner kt-layout-id_d926bf-2b"><div class="kt-row-column-wrap kt-has-2-columns kt-gutter-default kt-v-gutter-default kt-row-valign-top kt-row-layout-equal kt-tab-layout-inherit kt-m-colapse-left-to-right kt-mobile-layout-row  kt-custom-first-width-50  kt-custom-second-width-50">
<div class="wp-block-kadence-column inner-column-1 kadence-column_48970a-f8"><div class="kt-inside-inner-col">
<p>Lorem ipsum dolor sit amet, consectetur adipiscing elit, sed do eiusmod tempor incididunt ut labore et dolore magna aliqua. Sociis natoque penatibus et magnis dis parturient montes nascetur ridiculus. Nulla posuere sollicitudin aliquam ultrices sagittis orci a scelerisque. Purus sit amet luctus venenatis lectus. Vel risus commodo viverra maecenas accumsan lacus vel facilisis. Laoreet id donec ultrices tincidunt arcu. Aliquet porttitor lacus luctus accumsan tortor posuere ac ut. Curabitur vitae nunc sed velit dignissim sodales ut eu. Venenatis lectus magna fringilla urna. Turpis massa tincidunt dui ut ornare lectus sit amet est. Sit amet facilisis magna etiam tempor orci eu lobortis.</p>
</div></div>



<div class="wp-block-kadence-column inner-column-2 kadence-column_39ff88-a5"><div class="kt-inside-inner-col">
<p>Enim tortor at auctor urna nunc. Pellentesque sit amet porttitor eget dolor morbi non arcu. Imperdiet proin fermentum leo vel orci porta non pulvinar. Eu sem integer vitae justo. Viverra vitae congue eu consequat. Varius duis at consectetur lorem. Pellentesque diam volutpat commodo sed. Nulla aliquet enim tortor at auctor. Dolor magna eget est lorem ipsum dolor sit amet. Pretium vulputate sapien nec sagittis aliquam. Maecenas pharetra convallis posuere morbi leo urna molestie at. Parturient montes nascetur ridiculus mus. Tincidunt tortor aliquam nulla facilisi. Ut faucibus pulvinar elementum integer enim neque volutpat ac tincidunt. </p>
</div></div>
</div></div></div>



<p>Quam nulla porttitor massa id neque aliquam vestibulum morbi. Sapien pellentesque habitant morbi tristique senectus et netus et malesuada. Dui vivamus arcu felis bibendum ut tristique. Elementum nisi quis eleifend quam. Donec ac odio tempor orci dapibus ultrices in iaculis. Enim neque volutpat ac tincidunt vitae semper quis. Morbi tincidunt ornare massa eget egestas purus viverra accumsan in. Mattis vulputate enim nulla aliquet porttitor lacus luctus accumsan tortor. Lectus magna fringilla urna porttitor rhoncus dolor purus non. Tempus imperdiet nulla malesuada pellentesque elit eget. Consequat semper viverra nam libero justo laoreet sit amet cursus.</p>



<div class="wp-block-kadence-rowlayout alignnone"><div id="kt-layout-id_fe99ab-6a" class="kt-row-layout-inner kt-layout-id_fe99ab-6a"><div class="kt-row-column-wrap kt-has-2-columns kt-gutter-default kt-v-gutter-default kt-row-valign-top kt-row-layout-equal kt-tab-layout-inherit kt-m-colapse-left-to-right kt-mobile-layout-row">
<div class="wp-block-kadence-column inner-column-1 kadence-column_abaaa0-4a"><div class="kt-inside-inner-col">
<figure class="wp-block-image size-large"><img loading="lazy" width="1024" height="684" src="/wp-content/uploads/2020/12/wesual-click-y7s_Wby3woo-unsplash-1024x684.jpg" alt="" class="wp-image-563" srcset="/wp-content/uploads/2020/12/wesual-click-y7s_Wby3woo-unsplash-1024x684.jpg 1024w, /wp-content/uploads/2020/12/wesual-click-y7s_Wby3woo-unsplash-300x200.jpg 300w, /wp-content/uploads/2020/12/wesual-click-y7s_Wby3woo-unsplash-768x513.jpg 768w, /wp-content/uploads/2020/12/wesual-click-y7s_Wby3woo-unsplash-600x401.jpg 600w, /wp-content/uploads/2020/12/wesual-click-y7s_Wby3woo-unsplash.jpg 1400w" sizes="(max-width: 1024px) 100vw, 1024px" /><figcaption>Fast Food</figcaption></figure>
</div></div>



<div class="wp-block-kadence-column inner-column-2 kadence-column_332845-8e"><div class="kt-inside-inner-col">
<figure class="wp-block-image size-large"><img loading="lazy" width="1024" height="682" src="/wp-content/uploads/2020/12/kelvin-theseira-AcA8moIiD3g-unsplash-1024x682.jpg" alt="" class="wp-image-557" srcset="/wp-content/uploads/2020/12/kelvin-theseira-AcA8moIiD3g-unsplash-1024x682.jpg 1024w, /wp-content/uploads/2020/12/kelvin-theseira-AcA8moIiD3g-unsplash-300x200.jpg 300w, /wp-content/uploads/2020/12/kelvin-theseira-AcA8moIiD3g-unsplash-768x512.jpg 768w, /wp-content/uploads/2020/12/kelvin-theseira-AcA8moIiD3g-unsplash-600x400.jpg 600w, /wp-content/uploads/2020/12/kelvin-theseira-AcA8moIiD3g-unsplash.jpg 1400w" sizes="(max-width: 1024px) 100vw, 1024px" /><figcaption>Pizza Time</figcaption></figure>
</div></div>
</div></div></div>



<p>Imperdiet proin fermentum leo vel orci. Fermentum leo vel orci porta non. Auctor urna nunc id cursus metus aliquam eleifend mi. Arcu ac tortor dignissim convallis aenean et tortor at. Urna condimentum mattis pellentesque id. Nec sagittis aliquam malesuada bibendum arcu vitae elementum curabitur. Diam phasellus vestibulum lorem sed risus ultricies tristique. Dignissim sodales ut eu sem integer vitae justo eget magna. Elit pellentesque habitant morbi tristique senectus. Enim diam vulputate ut pharetra. Eget nulla facilisi etiam dignissim diam quis. Lectus quam id leo in vitae turpis massa sed. Dignissim enim sit amet venenatis. Nulla at volutpat diam ut venenatis tellus in metus. Nunc id cursus metus aliquam eleifend mi in nulla. Faucibus nisl tincidunt eget nullam non nisi est sit. Bibendum arcu vitae elementum curabitur vitae nunc sed velit dignissim. Placerat vestibulum lectus mauris ultrices eros.</p>



<blockquote class="wp-block-quote"><p>Pretium viverra suspendisse potenti nullam ac. Quam lacus suspendisse faucibus interdum posuere lorem ipsum dolor sit. Urna cursus eget nunc scelerisque viverra mauris in aliquam sem. Mattis pellentesque id nibh tortor id. Dignissim diam quis enim lobortis scelerisque. Vulputate enim nulla aliquet porttitor lacus luctus accumsan tortor. Suspendisse sed nisi lacus sed viverra. Eget nullam non nisi est sit amet facilisis magna etiam. Arcu dictum varius duis at consectetur lorem donec massa sapien. Risus ultricies tristique nulla aliquet enim tortor at. Elit eget gravida cum sociis natoque. Vitae sapien pellentesque habitant morbi. Ut sem nulla pharetra diam sit amet. Duis convallis convallis tellus id. Sed vulputate mi sit amet mauris commodo. Volutpat consequat mauris nunc congue nisi.</p><cite>Mark Johnson</cite></blockquote>



<p>Neque gravida in fermentum et sollicitudin ac orci phasellus egestas. Nulla posuere sollicitudin aliquam ultrices sagittis orci a. Non quam lacus suspendisse faucibus interdum. Vitae turpis massa sed elementum. Fusce id velit ut tortor pretium. Mus mauris vitae ultricies leo. Enim lobortis scelerisque fermentum dui faucibus in ornare quam viverra. Lorem donec massa sapien faucibus et molestie ac.</p>
]]></content:encoded>
					
					<wfw:commentRss>/chicken/my-time-traveling-bowl-of-spaghetti-meat-sauce/feed/</wfw:commentRss>
			<slash:comments>0</slash:comments>
		
		
			</item>
		<item>
		<title>The Feel-Good Stories Behind Our Favorite Ornaments</title>
		<link>/chicken/the-feel-good-stories-behind-our-favorite-ornaments/</link>
					<comments>/chicken/the-feel-good-stories-behind-our-favorite-ornaments/#respond</comments>
		
		<dc:creator><![CDATA[admin]]></dc:creator>
		<pubDate>Tue, 08 Dec 2020 18:10:20 +0000</pubDate>
				<category><![CDATA[Chicken]]></category>
		<category><![CDATA[Food]]></category>
		<guid isPermaLink="false">https://startertemplatecloud.com/e09/?p=554</guid>

					<description><![CDATA[Vestibulum lectus mauris ultrices eros in cursus turpis. Eleifend quam adipiscing vitae proin. Mattis molestie a iaculis at erat. Pellentesque habitant morbi tristique senectus et...]]></description>
										<content:encoded><![CDATA[
<p>Vestibulum lectus mauris ultrices eros in cursus turpis. Eleifend quam adipiscing vitae proin. Mattis molestie a iaculis at erat. Pellentesque habitant morbi tristique senectus et netus et malesuada fames. Eu tincidunt tortor aliquam nulla. Commodo ullamcorper a lacus vestibulum sed arcu non odio. Arcu dui vivamus arcu felis bibendum ut tristique et egestas. Amet nulla facilisi morbi tempus iaculis urna id volutpat. Ac odio tempor orci dapibus ultrices. Egestas erat imperdiet sed euismod nisi porta lorem. Nulla at volutpat diam ut venenatis. Leo urna molestie at elementum eu facilisis sed odio morbi.</p>



<div class="wp-block-kadence-rowlayout alignnone"><div id="kt-layout-id_d926bf-2b" class="kt-row-layout-inner kt-layout-id_d926bf-2b"><div class="kt-row-column-wrap kt-has-2-columns kt-gutter-default kt-v-gutter-default kt-row-valign-top kt-row-layout-equal kt-tab-layout-inherit kt-m-colapse-left-to-right kt-mobile-layout-row  kt-custom-first-width-50  kt-custom-second-width-50">
<div class="wp-block-kadence-column inner-column-1 kadence-column_48970a-f8"><div class="kt-inside-inner-col">
<p>Lorem ipsum dolor sit amet, consectetur adipiscing elit, sed do eiusmod tempor incididunt ut labore et dolore magna aliqua. Sociis natoque penatibus et magnis dis parturient montes nascetur ridiculus. Nulla posuere sollicitudin aliquam ultrices sagittis orci a scelerisque. Purus sit amet luctus venenatis lectus. Vel risus commodo viverra maecenas accumsan lacus vel facilisis. Laoreet id donec ultrices tincidunt arcu. Aliquet porttitor lacus luctus accumsan tortor posuere ac ut. Curabitur vitae nunc sed velit dignissim sodales ut eu. Venenatis lectus magna fringilla urna. Turpis massa tincidunt dui ut ornare lectus sit amet est. Sit amet facilisis magna etiam tempor orci eu lobortis.</p>
</div></div>



<div class="wp-block-kadence-column inner-column-2 kadence-column_39ff88-a5"><div class="kt-inside-inner-col">
<p>Enim tortor at auctor urna nunc. Pellentesque sit amet porttitor eget dolor morbi non arcu. Imperdiet proin fermentum leo vel orci porta non pulvinar. Eu sem integer vitae justo. Viverra vitae congue eu consequat. Varius duis at consectetur lorem. Pellentesque diam volutpat commodo sed. Nulla aliquet enim tortor at auctor. Dolor magna eget est lorem ipsum dolor sit amet. Pretium vulputate sapien nec sagittis aliquam. Maecenas pharetra convallis posuere morbi leo urna molestie at. Parturient montes nascetur ridiculus mus. Tincidunt tortor aliquam nulla facilisi. Ut faucibus pulvinar elementum integer enim neque volutpat ac tincidunt. </p>
</div></div>
</div></div></div>



<p>Quam nulla porttitor massa id neque aliquam vestibulum morbi. Sapien pellentesque habitant morbi tristique senectus et netus et malesuada. Dui vivamus arcu felis bibendum ut tristique. Elementum nisi quis eleifend quam. Donec ac odio tempor orci dapibus ultrices in iaculis. Enim neque volutpat ac tincidunt vitae semper quis. Morbi tincidunt ornare massa eget egestas purus viverra accumsan in. Mattis vulputate enim nulla aliquet porttitor lacus luctus accumsan tortor. Lectus magna fringilla urna porttitor rhoncus dolor purus non. Tempus imperdiet nulla malesuada pellentesque elit eget. Consequat semper viverra nam libero justo laoreet sit amet cursus.</p>



<div class="wp-block-kadence-rowlayout alignnone"><div id="kt-layout-id_fe99ab-6a" class="kt-row-layout-inner kt-layout-id_fe99ab-6a"><div class="kt-row-column-wrap kt-has-2-columns kt-gutter-default kt-v-gutter-default kt-row-valign-top kt-row-layout-equal kt-tab-layout-inherit kt-m-colapse-left-to-right kt-mobile-layout-row">
<div class="wp-block-kadence-column inner-column-1 kadence-column_abaaa0-4a"><div class="kt-inside-inner-col">
<figure class="wp-block-image size-large"><img loading="lazy" width="1024" height="684" src="/wp-content/uploads/2020/12/wesual-click-y7s_Wby3woo-unsplash-1024x684.jpg" alt="" class="wp-image-563" srcset="/wp-content/uploads/2020/12/wesual-click-y7s_Wby3woo-unsplash-1024x684.jpg 1024w, /wp-content/uploads/2020/12/wesual-click-y7s_Wby3woo-unsplash-300x200.jpg 300w, /wp-content/uploads/2020/12/wesual-click-y7s_Wby3woo-unsplash-768x513.jpg 768w, /wp-content/uploads/2020/12/wesual-click-y7s_Wby3woo-unsplash-600x401.jpg 600w, /wp-content/uploads/2020/12/wesual-click-y7s_Wby3woo-unsplash.jpg 1400w" sizes="(max-width: 1024px) 100vw, 1024px" /><figcaption>Fast Food</figcaption></figure>
</div></div>



<div class="wp-block-kadence-column inner-column-2 kadence-column_332845-8e"><div class="kt-inside-inner-col">
<figure class="wp-block-image size-large"><img loading="lazy" width="1024" height="682" src="/wp-content/uploads/2020/12/kelvin-theseira-AcA8moIiD3g-unsplash-1024x682.jpg" alt="" class="wp-image-557" srcset="/wp-content/uploads/2020/12/kelvin-theseira-AcA8moIiD3g-unsplash-1024x682.jpg 1024w, /wp-content/uploads/2020/12/kelvin-theseira-AcA8moIiD3g-unsplash-300x200.jpg 300w, /wp-content/uploads/2020/12/kelvin-theseira-AcA8moIiD3g-unsplash-768x512.jpg 768w, /wp-content/uploads/2020/12/kelvin-theseira-AcA8moIiD3g-unsplash-600x400.jpg 600w, /wp-content/uploads/2020/12/kelvin-theseira-AcA8moIiD3g-unsplash.jpg 1400w" sizes="(max-width: 1024px) 100vw, 1024px" /><figcaption>Pizza Time</figcaption></figure>
</div></div>
</div></div></div>



<p>Imperdiet proin fermentum leo vel orci. Fermentum leo vel orci porta non. Auctor urna nunc id cursus metus aliquam eleifend mi. Arcu ac tortor dignissim convallis aenean et tortor at. Urna condimentum mattis pellentesque id. Nec sagittis aliquam malesuada bibendum arcu vitae elementum curabitur. Diam phasellus vestibulum lorem sed risus ultricies tristique. Dignissim sodales ut eu sem integer vitae justo eget magna. Elit pellentesque habitant morbi tristique senectus. Enim diam vulputate ut pharetra. Eget nulla facilisi etiam dignissim diam quis. Lectus quam id leo in vitae turpis massa sed. Dignissim enim sit amet venenatis. Nulla at volutpat diam ut venenatis tellus in metus. Nunc id cursus metus aliquam eleifend mi in nulla. Faucibus nisl tincidunt eget nullam non nisi est sit. Bibendum arcu vitae elementum curabitur vitae nunc sed velit dignissim. Placerat vestibulum lectus mauris ultrices eros.</p>



<blockquote class="wp-block-quote"><p>Pretium viverra suspendisse potenti nullam ac. Quam lacus suspendisse faucibus interdum posuere lorem ipsum dolor sit. Urna cursus eget nunc scelerisque viverra mauris in aliquam sem. Mattis pellentesque id nibh tortor id. Dignissim diam quis enim lobortis scelerisque. Vulputate enim nulla aliquet porttitor lacus luctus accumsan tortor. Suspendisse sed nisi lacus sed viverra. Eget nullam non nisi est sit amet facilisis magna etiam. Arcu dictum varius duis at consectetur lorem donec massa sapien. Risus ultricies tristique nulla aliquet enim tortor at. Elit eget gravida cum sociis natoque. Vitae sapien pellentesque habitant morbi. Ut sem nulla pharetra diam sit amet. Duis convallis convallis tellus id. Sed vulputate mi sit amet mauris commodo. Volutpat consequat mauris nunc congue nisi.</p><cite>Mark Johnson</cite></blockquote>



<p>Neque gravida in fermentum et sollicitudin ac orci phasellus egestas. Nulla posuere sollicitudin aliquam ultrices sagittis orci a. Non quam lacus suspendisse faucibus interdum. Vitae turpis massa sed elementum. Fusce id velit ut tortor pretium. Mus mauris vitae ultricies leo. Enim lobortis scelerisque fermentum dui faucibus in ornare quam viverra. Lorem donec massa sapien faucibus et molestie ac.</p>
]]></content:encoded>
					
					<wfw:commentRss>/chicken/the-feel-good-stories-behind-our-favorite-ornaments/feed/</wfw:commentRss>
			<slash:comments>0</slash:comments>
		
		
			</item>
		<item>
		<title>The Lighting Trick Your Kitchen Is Missing</title>
		<link>/chicken/the-lighting-trick-your-kitchen-is-missing/</link>
					<comments>/chicken/the-lighting-trick-your-kitchen-is-missing/#respond</comments>
		
		<dc:creator><![CDATA[admin]]></dc:creator>
		<pubDate>Tue, 08 Dec 2020 18:10:09 +0000</pubDate>
				<category><![CDATA[Chicken]]></category>
		<category><![CDATA[Food]]></category>
		<guid isPermaLink="false">https://startertemplatecloud.com/e09/?p=548</guid>

					<description><![CDATA[Vestibulum lectus mauris ultrices eros in cursus turpis. Eleifend quam adipiscing vitae proin. Mattis molestie a iaculis at erat. Pellentesque habitant morbi tristique senectus et...]]></description>
										<content:encoded><![CDATA[
<p>Vestibulum lectus mauris ultrices eros in cursus turpis. Eleifend quam adipiscing vitae proin. Mattis molestie a iaculis at erat. Pellentesque habitant morbi tristique senectus et netus et malesuada fames. Eu tincidunt tortor aliquam nulla. Commodo ullamcorper a lacus vestibulum sed arcu non odio. Arcu dui vivamus arcu felis bibendum ut tristique et egestas. Amet nulla facilisi morbi tempus iaculis urna id volutpat. Ac odio tempor orci dapibus ultrices. Egestas erat imperdiet sed euismod nisi porta lorem. Nulla at volutpat diam ut venenatis. Leo urna molestie at elementum eu facilisis sed odio morbi.</p>



<div class="wp-block-kadence-rowlayout alignnone"><div id="kt-layout-id_d926bf-2b" class="kt-row-layout-inner kt-layout-id_d926bf-2b"><div class="kt-row-column-wrap kt-has-2-columns kt-gutter-default kt-v-gutter-default kt-row-valign-top kt-row-layout-equal kt-tab-layout-inherit kt-m-colapse-left-to-right kt-mobile-layout-row  kt-custom-first-width-50  kt-custom-second-width-50">
<div class="wp-block-kadence-column inner-column-1 kadence-column_48970a-f8"><div class="kt-inside-inner-col">
<p>Lorem ipsum dolor sit amet, consectetur adipiscing elit, sed do eiusmod tempor incididunt ut labore et dolore magna aliqua. Sociis natoque penatibus et magnis dis parturient montes nascetur ridiculus. Nulla posuere sollicitudin aliquam ultrices sagittis orci a scelerisque. Purus sit amet luctus venenatis lectus. Vel risus commodo viverra maecenas accumsan lacus vel facilisis. Laoreet id donec ultrices tincidunt arcu. Aliquet porttitor lacus luctus accumsan tortor posuere ac ut. Curabitur vitae nunc sed velit dignissim sodales ut eu. Venenatis lectus magna fringilla urna. Turpis massa tincidunt dui ut ornare lectus sit amet est. Sit amet facilisis magna etiam tempor orci eu lobortis.</p>
</div></div>



<div class="wp-block-kadence-column inner-column-2 kadence-column_39ff88-a5"><div class="kt-inside-inner-col">
<p>Enim tortor at auctor urna nunc. Pellentesque sit amet porttitor eget dolor morbi non arcu. Imperdiet proin fermentum leo vel orci porta non pulvinar. Eu sem integer vitae justo. Viverra vitae congue eu consequat. Varius duis at consectetur lorem. Pellentesque diam volutpat commodo sed. Nulla aliquet enim tortor at auctor. Dolor magna eget est lorem ipsum dolor sit amet. Pretium vulputate sapien nec sagittis aliquam. Maecenas pharetra convallis posuere morbi leo urna molestie at. Parturient montes nascetur ridiculus mus. Tincidunt tortor aliquam nulla facilisi. Ut faucibus pulvinar elementum integer enim neque volutpat ac tincidunt. </p>
</div></div>
</div></div></div>



<p>Quam nulla porttitor massa id neque aliquam vestibulum morbi. Sapien pellentesque habitant morbi tristique senectus et netus et malesuada. Dui vivamus arcu felis bibendum ut tristique. Elementum nisi quis eleifend quam. Donec ac odio tempor orci dapibus ultrices in iaculis. Enim neque volutpat ac tincidunt vitae semper quis. Morbi tincidunt ornare massa eget egestas purus viverra accumsan in. Mattis vulputate enim nulla aliquet porttitor lacus luctus accumsan tortor. Lectus magna fringilla urna porttitor rhoncus dolor purus non. Tempus imperdiet nulla malesuada pellentesque elit eget. Consequat semper viverra nam libero justo laoreet sit amet cursus.</p>



<div class="wp-block-kadence-rowlayout alignnone"><div id="kt-layout-id_fe99ab-6a" class="kt-row-layout-inner kt-layout-id_fe99ab-6a"><div class="kt-row-column-wrap kt-has-2-columns kt-gutter-default kt-v-gutter-default kt-row-valign-top kt-row-layout-equal kt-tab-layout-inherit kt-m-colapse-left-to-right kt-mobile-layout-row">
<div class="wp-block-kadence-column inner-column-1 kadence-column_abaaa0-4a"><div class="kt-inside-inner-col">
<figure class="wp-block-image size-large"><img loading="lazy" width="1024" height="684" src="/wp-content/uploads/2020/12/wesual-click-y7s_Wby3woo-unsplash-1024x684.jpg" alt="" class="wp-image-563" srcset="/wp-content/uploads/2020/12/wesual-click-y7s_Wby3woo-unsplash-1024x684.jpg 1024w, /wp-content/uploads/2020/12/wesual-click-y7s_Wby3woo-unsplash-300x200.jpg 300w, /wp-content/uploads/2020/12/wesual-click-y7s_Wby3woo-unsplash-768x513.jpg 768w, /wp-content/uploads/2020/12/wesual-click-y7s_Wby3woo-unsplash-600x401.jpg 600w, /wp-content/uploads/2020/12/wesual-click-y7s_Wby3woo-unsplash.jpg 1400w" sizes="(max-width: 1024px) 100vw, 1024px" /><figcaption>Fast Food</figcaption></figure>
</div></div>



<div class="wp-block-kadence-column inner-column-2 kadence-column_332845-8e"><div class="kt-inside-inner-col">
<figure class="wp-block-image size-large"><img loading="lazy" width="1024" height="682" src="/wp-content/uploads/2020/12/kelvin-theseira-AcA8moIiD3g-unsplash-1024x682.jpg" alt="" class="wp-image-557" srcset="/wp-content/uploads/2020/12/kelvin-theseira-AcA8moIiD3g-unsplash-1024x682.jpg 1024w, /wp-content/uploads/2020/12/kelvin-theseira-AcA8moIiD3g-unsplash-300x200.jpg 300w, /wp-content/uploads/2020/12/kelvin-theseira-AcA8moIiD3g-unsplash-768x512.jpg 768w, /wp-content/uploads/2020/12/kelvin-theseira-AcA8moIiD3g-unsplash-600x400.jpg 600w, /wp-content/uploads/2020/12/kelvin-theseira-AcA8moIiD3g-unsplash.jpg 1400w" sizes="(max-width: 1024px) 100vw, 1024px" /><figcaption>Pizza Time</figcaption></figure>
</div></div>
</div></div></div>



<p>Imperdiet proin fermentum leo vel orci. Fermentum leo vel orci porta non. Auctor urna nunc id cursus metus aliquam eleifend mi. Arcu ac tortor dignissim convallis aenean et tortor at. Urna condimentum mattis pellentesque id. Nec sagittis aliquam malesuada bibendum arcu vitae elementum curabitur. Diam phasellus vestibulum lorem sed risus ultricies tristique. Dignissim sodales ut eu sem integer vitae justo eget magna. Elit pellentesque habitant morbi tristique senectus. Enim diam vulputate ut pharetra. Eget nulla facilisi etiam dignissim diam quis. Lectus quam id leo in vitae turpis massa sed. Dignissim enim sit amet venenatis. Nulla at volutpat diam ut venenatis tellus in metus. Nunc id cursus metus aliquam eleifend mi in nulla. Faucibus nisl tincidunt eget nullam non nisi est sit. Bibendum arcu vitae elementum curabitur vitae nunc sed velit dignissim. Placerat vestibulum lectus mauris ultrices eros.</p>



<blockquote class="wp-block-quote"><p>Pretium viverra suspendisse potenti nullam ac. Quam lacus suspendisse faucibus interdum posuere lorem ipsum dolor sit. Urna cursus eget nunc scelerisque viverra mauris in aliquam sem. Mattis pellentesque id nibh tortor id. Dignissim diam quis enim lobortis scelerisque. Vulputate enim nulla aliquet porttitor lacus luctus accumsan tortor. Suspendisse sed nisi lacus sed viverra. Eget nullam non nisi est sit amet facilisis magna etiam. Arcu dictum varius duis at consectetur lorem donec massa sapien. Risus ultricies tristique nulla aliquet enim tortor at. Elit eget gravida cum sociis natoque. Vitae sapien pellentesque habitant morbi. Ut sem nulla pharetra diam sit amet. Duis convallis convallis tellus id. Sed vulputate mi sit amet mauris commodo. Volutpat consequat mauris nunc congue nisi.</p><cite>Mark Johnson</cite></blockquote>



<p>Neque gravida in fermentum et sollicitudin ac orci phasellus egestas. Nulla posuere sollicitudin aliquam ultrices sagittis orci a. Non quam lacus suspendisse faucibus interdum. Vitae turpis massa sed elementum. Fusce id velit ut tortor pretium. Mus mauris vitae ultricies leo. Enim lobortis scelerisque fermentum dui faucibus in ornare quam viverra. Lorem donec massa sapien faucibus et molestie ac.</p>
]]></content:encoded>
					
					<wfw:commentRss>/chicken/the-lighting-trick-your-kitchen-is-missing/feed/</wfw:commentRss>
			<slash:comments>0</slash:comments>
		
		
			</item>
		<item>
		<title>30 Artificial Christmas Trees That&#8217;ll Have You Saying ‘Spruce Who?’</title>
		<link>/chicken/30-artificial-christmas-trees-thatll-have-you-saying-spruce-who/</link>
					<comments>/chicken/30-artificial-christmas-trees-thatll-have-you-saying-spruce-who/#respond</comments>
		
		<dc:creator><![CDATA[admin]]></dc:creator>
		<pubDate>Tue, 08 Dec 2020 18:09:45 +0000</pubDate>
				<category><![CDATA[Chicken]]></category>
		<category><![CDATA[Food]]></category>
		<guid isPermaLink="false">https://startertemplatecloud.com/e09/?p=547</guid>

					<description><![CDATA[Vestibulum lectus mauris ultrices eros in cursus turpis. Eleifend quam adipiscing vitae proin. Mattis molestie a iaculis at erat. Pellentesque habitant morbi tristique senectus et...]]></description>
										<content:encoded><![CDATA[
<p>Vestibulum lectus mauris ultrices eros in cursus turpis. Eleifend quam adipiscing vitae proin. Mattis molestie a iaculis at erat. Pellentesque habitant morbi tristique senectus et netus et malesuada fames. Eu tincidunt tortor aliquam nulla. Commodo ullamcorper a lacus vestibulum sed arcu non odio. Arcu dui vivamus arcu felis bibendum ut tristique et egestas. Amet nulla facilisi morbi tempus iaculis urna id volutpat. Ac odio tempor orci dapibus ultrices. Egestas erat imperdiet sed euismod nisi porta lorem. Nulla at volutpat diam ut venenatis. Leo urna molestie at elementum eu facilisis sed odio morbi.</p>



<div class="wp-block-kadence-rowlayout alignnone"><div id="kt-layout-id_d926bf-2b" class="kt-row-layout-inner kt-layout-id_d926bf-2b"><div class="kt-row-column-wrap kt-has-2-columns kt-gutter-default kt-v-gutter-default kt-row-valign-top kt-row-layout-equal kt-tab-layout-inherit kt-m-colapse-left-to-right kt-mobile-layout-row  kt-custom-first-width-50  kt-custom-second-width-50">
<div class="wp-block-kadence-column inner-column-1 kadence-column_48970a-f8"><div class="kt-inside-inner-col">
<p>Lorem ipsum dolor sit amet, consectetur adipiscing elit, sed do eiusmod tempor incididunt ut labore et dolore magna aliqua. Sociis natoque penatibus et magnis dis parturient montes nascetur ridiculus. Nulla posuere sollicitudin aliquam ultrices sagittis orci a scelerisque. Purus sit amet luctus venenatis lectus. Vel risus commodo viverra maecenas accumsan lacus vel facilisis. Laoreet id donec ultrices tincidunt arcu. Aliquet porttitor lacus luctus accumsan tortor posuere ac ut. Curabitur vitae nunc sed velit dignissim sodales ut eu. Venenatis lectus magna fringilla urna. Turpis massa tincidunt dui ut ornare lectus sit amet est. Sit amet facilisis magna etiam tempor orci eu lobortis.</p>
</div></div>



<div class="wp-block-kadence-column inner-column-2 kadence-column_39ff88-a5"><div class="kt-inside-inner-col">
<p>Enim tortor at auctor urna nunc. Pellentesque sit amet porttitor eget dolor morbi non arcu. Imperdiet proin fermentum leo vel orci porta non pulvinar. Eu sem integer vitae justo. Viverra vitae congue eu consequat. Varius duis at consectetur lorem. Pellentesque diam volutpat commodo sed. Nulla aliquet enim tortor at auctor. Dolor magna eget est lorem ipsum dolor sit amet. Pretium vulputate sapien nec sagittis aliquam. Maecenas pharetra convallis posuere morbi leo urna molestie at. Parturient montes nascetur ridiculus mus. Tincidunt tortor aliquam nulla facilisi. Ut faucibus pulvinar elementum integer enim neque volutpat ac tincidunt. </p>
</div></div>
</div></div></div>



<p>Quam nulla porttitor massa id neque aliquam vestibulum morbi. Sapien pellentesque habitant morbi tristique senectus et netus et malesuada. Dui vivamus arcu felis bibendum ut tristique. Elementum nisi quis eleifend quam. Donec ac odio tempor orci dapibus ultrices in iaculis. Enim neque volutpat ac tincidunt vitae semper quis. Morbi tincidunt ornare massa eget egestas purus viverra accumsan in. Mattis vulputate enim nulla aliquet porttitor lacus luctus accumsan tortor. Lectus magna fringilla urna porttitor rhoncus dolor purus non. Tempus imperdiet nulla malesuada pellentesque elit eget. Consequat semper viverra nam libero justo laoreet sit amet cursus.</p>



<div class="wp-block-kadence-rowlayout alignnone"><div id="kt-layout-id_fe99ab-6a" class="kt-row-layout-inner kt-layout-id_fe99ab-6a"><div class="kt-row-column-wrap kt-has-2-columns kt-gutter-default kt-v-gutter-default kt-row-valign-top kt-row-layout-equal kt-tab-layout-inherit kt-m-colapse-left-to-right kt-mobile-layout-row">
<div class="wp-block-kadence-column inner-column-1 kadence-column_abaaa0-4a"><div class="kt-inside-inner-col">
<figure class="wp-block-image size-large"><img loading="lazy" width="1024" height="684" src="/wp-content/uploads/2020/12/wesual-click-y7s_Wby3woo-unsplash-1024x684.jpg" alt="" class="wp-image-563" srcset="/wp-content/uploads/2020/12/wesual-click-y7s_Wby3woo-unsplash-1024x684.jpg 1024w, /wp-content/uploads/2020/12/wesual-click-y7s_Wby3woo-unsplash-300x200.jpg 300w, /wp-content/uploads/2020/12/wesual-click-y7s_Wby3woo-unsplash-768x513.jpg 768w, /wp-content/uploads/2020/12/wesual-click-y7s_Wby3woo-unsplash-600x401.jpg 600w, /wp-content/uploads/2020/12/wesual-click-y7s_Wby3woo-unsplash.jpg 1400w" sizes="(max-width: 1024px) 100vw, 1024px" /><figcaption>Fast Food</figcaption></figure>
</div></div>



<div class="wp-block-kadence-column inner-column-2 kadence-column_332845-8e"><div class="kt-inside-inner-col">
<figure class="wp-block-image size-large"><img loading="lazy" width="1024" height="682" src="/wp-content/uploads/2020/12/kelvin-theseira-AcA8moIiD3g-unsplash-1024x682.jpg" alt="" class="wp-image-557" srcset="/wp-content/uploads/2020/12/kelvin-theseira-AcA8moIiD3g-unsplash-1024x682.jpg 1024w, /wp-content/uploads/2020/12/kelvin-theseira-AcA8moIiD3g-unsplash-300x200.jpg 300w, /wp-content/uploads/2020/12/kelvin-theseira-AcA8moIiD3g-unsplash-768x512.jpg 768w, /wp-content/uploads/2020/12/kelvin-theseira-AcA8moIiD3g-unsplash-600x400.jpg 600w, /wp-content/uploads/2020/12/kelvin-theseira-AcA8moIiD3g-unsplash.jpg 1400w" sizes="(max-width: 1024px) 100vw, 1024px" /><figcaption>Pizza Time</figcaption></figure>
</div></div>
</div></div></div>



<p>Imperdiet proin fermentum leo vel orci. Fermentum leo vel orci porta non. Auctor urna nunc id cursus metus aliquam eleifend mi. Arcu ac tortor dignissim convallis aenean et tortor at. Urna condimentum mattis pellentesque id. Nec sagittis aliquam malesuada bibendum arcu vitae elementum curabitur. Diam phasellus vestibulum lorem sed risus ultricies tristique. Dignissim sodales ut eu sem integer vitae justo eget magna. Elit pellentesque habitant morbi tristique senectus. Enim diam vulputate ut pharetra. Eget nulla facilisi etiam dignissim diam quis. Lectus quam id leo in vitae turpis massa sed. Dignissim enim sit amet venenatis. Nulla at volutpat diam ut venenatis tellus in metus. Nunc id cursus metus aliquam eleifend mi in nulla. Faucibus nisl tincidunt eget nullam non nisi est sit. Bibendum arcu vitae elementum curabitur vitae nunc sed velit dignissim. Placerat vestibulum lectus mauris ultrices eros.</p>



<blockquote class="wp-block-quote"><p>Pretium viverra suspendisse potenti nullam ac. Quam lacus suspendisse faucibus interdum posuere lorem ipsum dolor sit. Urna cursus eget nunc scelerisque viverra mauris in aliquam sem. Mattis pellentesque id nibh tortor id. Dignissim diam quis enim lobortis scelerisque. Vulputate enim nulla aliquet porttitor lacus luctus accumsan tortor. Suspendisse sed nisi lacus sed viverra. Eget nullam non nisi est sit amet facilisis magna etiam. Arcu dictum varius duis at consectetur lorem donec massa sapien. Risus ultricies tristique nulla aliquet enim tortor at. Elit eget gravida cum sociis natoque. Vitae sapien pellentesque habitant morbi. Ut sem nulla pharetra diam sit amet. Duis convallis convallis tellus id. Sed vulputate mi sit amet mauris commodo. Volutpat consequat mauris nunc congue nisi.</p><cite>Mark Johnson</cite></blockquote>



<p>Neque gravida in fermentum et sollicitudin ac orci phasellus egestas. Nulla posuere sollicitudin aliquam ultrices sagittis orci a. Non quam lacus suspendisse faucibus interdum. Vitae turpis massa sed elementum. Fusce id velit ut tortor pretium. Mus mauris vitae ultricies leo. Enim lobortis scelerisque fermentum dui faucibus in ornare quam viverra. Lorem donec massa sapien faucibus et molestie ac.</p>
]]></content:encoded>
					
					<wfw:commentRss>/chicken/30-artificial-christmas-trees-thatll-have-you-saying-spruce-who/feed/</wfw:commentRss>
			<slash:comments>0</slash:comments>
		
		
			</item>
		<item>
		<title>The Most Memorable Chicken Recipes Always Have Vinegar</title>
		<link>/chicken/the-most-memorable-chicken-recipes-always-have-vinegar/</link>
					<comments>/chicken/the-most-memorable-chicken-recipes-always-have-vinegar/#respond</comments>
		
		<dc:creator><![CDATA[admin]]></dc:creator>
		<pubDate>Tue, 08 Dec 2020 15:09:12 +0000</pubDate>
				<category><![CDATA[Chicken]]></category>
		<category><![CDATA[Food]]></category>
		<guid isPermaLink="false">https://startertemplatecloud.com/e09/?p=546</guid>

					<description><![CDATA[Vestibulum lectus mauris ultrices eros in cursus turpis. Eleifend quam adipiscing vitae proin. Mattis molestie a iaculis at erat. Pellentesque habitant morbi tristique senectus et...]]></description>
										<content:encoded><![CDATA[
<p>Vestibulum lectus mauris ultrices eros in cursus turpis. Eleifend quam adipiscing vitae proin. Mattis molestie a iaculis at erat. Pellentesque habitant morbi tristique senectus et netus et malesuada fames. Eu tincidunt tortor aliquam nulla. Commodo ullamcorper a lacus vestibulum sed arcu non odio. Arcu dui vivamus arcu felis bibendum ut tristique et egestas. Amet nulla facilisi morbi tempus iaculis urna id volutpat. Ac odio tempor orci dapibus ultrices. Egestas erat imperdiet sed euismod nisi porta lorem. Nulla at volutpat diam ut venenatis. Leo urna molestie at elementum eu facilisis sed odio morbi.</p>



<div class="wp-block-kadence-rowlayout alignnone"><div id="kt-layout-id_d926bf-2b" class="kt-row-layout-inner kt-layout-id_d926bf-2b"><div class="kt-row-column-wrap kt-has-2-columns kt-gutter-default kt-v-gutter-default kt-row-valign-top kt-row-layout-equal kt-tab-layout-inherit kt-m-colapse-left-to-right kt-mobile-layout-row  kt-custom-first-width-50  kt-custom-second-width-50">
<div class="wp-block-kadence-column inner-column-1 kadence-column_48970a-f8"><div class="kt-inside-inner-col">
<p>Lorem ipsum dolor sit amet, consectetur adipiscing elit, sed do eiusmod tempor incididunt ut labore et dolore magna aliqua. Sociis natoque penatibus et magnis dis parturient montes nascetur ridiculus. Nulla posuere sollicitudin aliquam ultrices sagittis orci a scelerisque. Purus sit amet luctus venenatis lectus. Vel risus commodo viverra maecenas accumsan lacus vel facilisis. Laoreet id donec ultrices tincidunt arcu. Aliquet porttitor lacus luctus accumsan tortor posuere ac ut. Curabitur vitae nunc sed velit dignissim sodales ut eu. Venenatis lectus magna fringilla urna. Turpis massa tincidunt dui ut ornare lectus sit amet est. Sit amet facilisis magna etiam tempor orci eu lobortis.</p>
</div></div>



<div class="wp-block-kadence-column inner-column-2 kadence-column_39ff88-a5"><div class="kt-inside-inner-col">
<p>Enim tortor at auctor urna nunc. Pellentesque sit amet porttitor eget dolor morbi non arcu. Imperdiet proin fermentum leo vel orci porta non pulvinar. Eu sem integer vitae justo. Viverra vitae congue eu consequat. Varius duis at consectetur lorem. Pellentesque diam volutpat commodo sed. Nulla aliquet enim tortor at auctor. Dolor magna eget est lorem ipsum dolor sit amet. Pretium vulputate sapien nec sagittis aliquam. Maecenas pharetra convallis posuere morbi leo urna molestie at. Parturient montes nascetur ridiculus mus. Tincidunt tortor aliquam nulla facilisi. Ut faucibus pulvinar elementum integer enim neque volutpat ac tincidunt. </p>
</div></div>
</div></div></div>



<p>Quam nulla porttitor massa id neque aliquam vestibulum morbi. Sapien pellentesque habitant morbi tristique senectus et netus et malesuada. Dui vivamus arcu felis bibendum ut tristique. Elementum nisi quis eleifend quam. Donec ac odio tempor orci dapibus ultrices in iaculis. Enim neque volutpat ac tincidunt vitae semper quis. Morbi tincidunt ornare massa eget egestas purus viverra accumsan in. Mattis vulputate enim nulla aliquet porttitor lacus luctus accumsan tortor. Lectus magna fringilla urna porttitor rhoncus dolor purus non. Tempus imperdiet nulla malesuada pellentesque elit eget. Consequat semper viverra nam libero justo laoreet sit amet cursus.</p>



<div class="wp-block-kadence-rowlayout alignnone"><div id="kt-layout-id_fe99ab-6a" class="kt-row-layout-inner kt-layout-id_fe99ab-6a"><div class="kt-row-column-wrap kt-has-2-columns kt-gutter-default kt-v-gutter-default kt-row-valign-top kt-row-layout-equal kt-tab-layout-inherit kt-m-colapse-left-to-right kt-mobile-layout-row">
<div class="wp-block-kadence-column inner-column-1 kadence-column_abaaa0-4a"><div class="kt-inside-inner-col">
<figure class="wp-block-image size-large"><img loading="lazy" width="1024" height="684" src="/wp-content/uploads/2020/12/wesual-click-y7s_Wby3woo-unsplash-1024x684.jpg" alt="" class="wp-image-563" srcset="/wp-content/uploads/2020/12/wesual-click-y7s_Wby3woo-unsplash-1024x684.jpg 1024w, /wp-content/uploads/2020/12/wesual-click-y7s_Wby3woo-unsplash-300x200.jpg 300w, /wp-content/uploads/2020/12/wesual-click-y7s_Wby3woo-unsplash-768x513.jpg 768w, /wp-content/uploads/2020/12/wesual-click-y7s_Wby3woo-unsplash-600x401.jpg 600w, /wp-content/uploads/2020/12/wesual-click-y7s_Wby3woo-unsplash.jpg 1400w" sizes="(max-width: 1024px) 100vw, 1024px" /><figcaption>Fast Food</figcaption></figure>
</div></div>



<div class="wp-block-kadence-column inner-column-2 kadence-column_332845-8e"><div class="kt-inside-inner-col">
<figure class="wp-block-image size-large"><img loading="lazy" width="1024" height="682" src="/wp-content/uploads/2020/12/kelvin-theseira-AcA8moIiD3g-unsplash-1024x682.jpg" alt="" class="wp-image-557" srcset="/wp-content/uploads/2020/12/kelvin-theseira-AcA8moIiD3g-unsplash-1024x682.jpg 1024w, /wp-content/uploads/2020/12/kelvin-theseira-AcA8moIiD3g-unsplash-300x200.jpg 300w, /wp-content/uploads/2020/12/kelvin-theseira-AcA8moIiD3g-unsplash-768x512.jpg 768w, /wp-content/uploads/2020/12/kelvin-theseira-AcA8moIiD3g-unsplash-600x400.jpg 600w, /wp-content/uploads/2020/12/kelvin-theseira-AcA8moIiD3g-unsplash.jpg 1400w" sizes="(max-width: 1024px) 100vw, 1024px" /><figcaption>Pizza Time</figcaption></figure>
</div></div>
</div></div></div>



<p>Imperdiet proin fermentum leo vel orci. Fermentum leo vel orci porta non. Auctor urna nunc id cursus metus aliquam eleifend mi. Arcu ac tortor dignissim convallis aenean et tortor at. Urna condimentum mattis pellentesque id. Nec sagittis aliquam malesuada bibendum arcu vitae elementum curabitur. Diam phasellus vestibulum lorem sed risus ultricies tristique. Dignissim sodales ut eu sem integer vitae justo eget magna. Elit pellentesque habitant morbi tristique senectus. Enim diam vulputate ut pharetra. Eget nulla facilisi etiam dignissim diam quis. Lectus quam id leo in vitae turpis massa sed. Dignissim enim sit amet venenatis. Nulla at volutpat diam ut venenatis tellus in metus. Nunc id cursus metus aliquam eleifend mi in nulla. Faucibus nisl tincidunt eget nullam non nisi est sit. Bibendum arcu vitae elementum curabitur vitae nunc sed velit dignissim. Placerat vestibulum lectus mauris ultrices eros.</p>



<blockquote class="wp-block-quote"><p>Pretium viverra suspendisse potenti nullam ac. Quam lacus suspendisse faucibus interdum posuere lorem ipsum dolor sit. Urna cursus eget nunc scelerisque viverra mauris in aliquam sem. Mattis pellentesque id nibh tortor id. Dignissim diam quis enim lobortis scelerisque. Vulputate enim nulla aliquet porttitor lacus luctus accumsan tortor. Suspendisse sed nisi lacus sed viverra. Eget nullam non nisi est sit amet facilisis magna etiam. Arcu dictum varius duis at consectetur lorem donec massa sapien. Risus ultricies tristique nulla aliquet enim tortor at. Elit eget gravida cum sociis natoque. Vitae sapien pellentesque habitant morbi. Ut sem nulla pharetra diam sit amet. Duis convallis convallis tellus id. Sed vulputate mi sit amet mauris commodo. Volutpat consequat mauris nunc congue nisi.</p><cite>Mark Johnson</cite></blockquote>



<p>Neque gravida in fermentum et sollicitudin ac orci phasellus egestas. Nulla posuere sollicitudin aliquam ultrices sagittis orci a. Non quam lacus suspendisse faucibus interdum. Vitae turpis massa sed elementum. Fusce id velit ut tortor pretium. Mus mauris vitae ultricies leo. Enim lobortis scelerisque fermentum dui faucibus in ornare quam viverra. Lorem donec massa sapien faucibus et molestie ac.</p>
]]></content:encoded>
					
					<wfw:commentRss>/chicken/the-most-memorable-chicken-recipes-always-have-vinegar/feed/</wfw:commentRss>
			<slash:comments>0</slash:comments>
		
		
			</item>
	</channel>
</rss>
