<?xml version="1.0" encoding="UTF-8"?><rss version="2.0"
	xmlns:content="http://purl.org/rss/1.0/modules/content/"
	xmlns:dc="http://purl.org/dc/elements/1.1/"
	xmlns:atom="http://www.w3.org/2005/Atom"
	xmlns:sy="http://purl.org/rss/1.0/modules/syndication/"
	
	>
<channel>
	<title>
	„Mano blog“ komentarai	</title>
	<atom:link href="/comments/feed/" rel="self" type="application/rss+xml" />
	<link></link>
	<description>Tiesiog dar viena WordPress svetainė</description>
	<lastBuildDate>Sat, 25 Dec 2021 13:45:59 +0000</lastBuildDate>
	<sy:updatePeriod>
	hourly	</sy:updatePeriod>
	<sy:updateFrequency>
	1	</sy:updateFrequency>
	<generator>https://wordpress.org/?v=5.8.2</generator>
	<item>
		<title>
		Įrašo „Grand Italiano“ komentaras, kurį parašė Arthur		</title>
		<link>/produktas/grand-italiano/#comment-5</link>

		<dc:creator><![CDATA[Arthur]]></dc:creator>
		<pubDate>Thu, 10 Dec 2020 19:35:17 +0000</pubDate>
		<guid isPermaLink="false">https://startertemplatecloud.com/e09/?post_type=product&#038;p=972#comment-5</guid>

					<description><![CDATA[Adipiscing commodo elit at imperdiet. Ipsum nunc aliquet bibendum enim facilisis gravida neque. Lacus luctus accumsan tortor posuere ac. Convallis tellus id interdum velit laoreet id. In dictum non consectetur a erat.]]></description>
			<content:encoded><![CDATA[<p>Adipiscing commodo elit at imperdiet. Ipsum nunc aliquet bibendum enim facilisis gravida neque. Lacus luctus accumsan tortor posuere ac. Convallis tellus id interdum velit laoreet id. In dictum non consectetur a erat.</p>
]]></content:encoded>
		
			</item>
		<item>
		<title>
		Įrašo „Beef Burger“ komentaras, kurį parašė Arthur		</title>
		<link>/produktas/beef-burger/#comment-3</link>

		<dc:creator><![CDATA[Arthur]]></dc:creator>
		<pubDate>Thu, 10 Dec 2020 19:35:11 +0000</pubDate>
		<guid isPermaLink="false">https://startertemplatecloud.com/e09/?post_type=product&#038;p=940#comment-3</guid>

					<description><![CDATA[Adipiscing commodo elit at imperdiet. Ipsum nunc aliquet bibendum enim facilisis gravida neque. Lacus luctus accumsan tortor posuere ac. Convallis tellus id interdum velit laoreet id. In dictum non consectetur a erat.]]></description>
			<content:encoded><![CDATA[<p>Adipiscing commodo elit at imperdiet. Ipsum nunc aliquet bibendum enim facilisis gravida neque. Lacus luctus accumsan tortor posuere ac. Convallis tellus id interdum velit laoreet id. In dictum non consectetur a erat.</p>
]]></content:encoded>
		
			</item>
		<item>
		<title>
		Įrašo „Chicken Hawaii“ komentaras, kurį parašė Arthur		</title>
		<link>/produktas/chicken-hawaii/#comment-4</link>

		<dc:creator><![CDATA[Arthur]]></dc:creator>
		<pubDate>Thu, 10 Dec 2020 19:34:59 +0000</pubDate>
		<guid isPermaLink="false">https://startertemplatecloud.com/e09/?post_type=product&#038;p=971#comment-4</guid>

					<description><![CDATA[Adipiscing commodo elit at imperdiet. Ipsum nunc aliquet bibendum enim facilisis gravida neque. Lacus luctus accumsan tortor posuere ac. Convallis tellus id interdum velit laoreet id. In dictum non consectetur a erat.]]></description>
			<content:encoded><![CDATA[<p>Adipiscing commodo elit at imperdiet. Ipsum nunc aliquet bibendum enim facilisis gravida neque. Lacus luctus accumsan tortor posuere ac. Convallis tellus id interdum velit laoreet id. In dictum non consectetur a erat.</p>
]]></content:encoded>
		
			</item>
		<item>
		<title>
		Įrašo „Hot Burger“ komentaras, kurį parašė Arthur		</title>
		<link>/produktas/hot-burger/#comment-2</link>

		<dc:creator><![CDATA[Arthur]]></dc:creator>
		<pubDate>Thu, 10 Dec 2020 14:49:09 +0000</pubDate>
		<guid isPermaLink="false">https://startertemplatecloud.com/e09/?post_type=product&#038;p=883#comment-2</guid>

					<description><![CDATA[Super!]]></description>
			<content:encoded><![CDATA[<p>Super!</p>
]]></content:encoded>
		
			</item>
	</channel>
</rss>
