<?xml version="1.0" encoding="UTF-8"?><rss version="2.0"
	xmlns:content="http://purl.org/rss/1.0/modules/content/"
	xmlns:dc="http://purl.org/dc/elements/1.1/"
	xmlns:atom="http://www.w3.org/2005/Atom"
	xmlns:sy="http://purl.org/rss/1.0/modules/syndication/"
	
	>
<channel>
	<title>
	Įrašo „My Time-Traveling Bowl of Spaghetti &#038; Meat Sauce“ komentarai	</title>
	<atom:link href="/chicken/my-time-traveling-bowl-of-spaghetti-meat-sauce/feed/" rel="self" type="application/rss+xml" />
	<link>/chicken/my-time-traveling-bowl-of-spaghetti-meat-sauce/</link>
	<description>Tiesiog dar viena WordPress svetainė</description>
	<lastBuildDate>Sat, 25 Dec 2021 13:45:57 +0000</lastBuildDate>
	<sy:updatePeriod>
	hourly	</sy:updatePeriod>
	<sy:updateFrequency>
	1	</sy:updateFrequency>
	<generator>https://wordpress.org/?v=5.8.2</generator>
</channel>
</rss>
