<?xml version="1.0" encoding="UTF-8"?><rss version="2.0"
	xmlns:content="http://purl.org/rss/1.0/modules/content/"
	xmlns:dc="http://purl.org/dc/elements/1.1/"
	xmlns:atom="http://www.w3.org/2005/Atom"
	xmlns:sy="http://purl.org/rss/1.0/modules/syndication/"
	
	>
<channel>
	<title>
	Įrašo „Summer Pizza“ komentarai	</title>
	<atom:link href="/produktas/summer-pizza/feed/" rel="self" type="application/rss+xml" />
	<link>/produktas/summer-pizza/</link>
	<description>Tiesiog dar viena WordPress svetainė</description>
	<lastBuildDate>Thu, 10 Dec 2020 19:14:49 +0000</lastBuildDate>
	<sy:updatePeriod>
	hourly	</sy:updatePeriod>
	<sy:updateFrequency>
	1	</sy:updateFrequency>
	<generator>https://wordpress.org/?v=5.8.2</generator>
</channel>
</rss>
