<?xml version="1.0" encoding="UTF-8"?><rss version="2.0"
	xmlns:content="http://purl.org/rss/1.0/modules/content/"
	xmlns:wfw="http://wellformedweb.org/CommentAPI/"
	xmlns:dc="http://purl.org/dc/elements/1.1/"
	xmlns:atom="http://www.w3.org/2005/Atom"
	xmlns:sy="http://purl.org/rss/1.0/modules/syndication/"
	xmlns:slash="http://purl.org/rss/1.0/modules/slash/"
	>

<channel>
	<title>burger &#8211; Mano blog</title>
	<atom:link href="/produkto-zyma/burger/feed/" rel="self" type="application/rss+xml" />
	<link></link>
	<description>Tiesiog dar viena WordPress svetainė</description>
	<lastBuildDate>Sat, 25 Dec 2021 13:45:59 +0000</lastBuildDate>
	<language>lt-LT</language>
	<sy:updatePeriod>
	hourly	</sy:updatePeriod>
	<sy:updateFrequency>
	1	</sy:updateFrequency>
	<generator>https://wordpress.org/?v=5.8.2</generator>
	<item>
		<title>Burger &#038; Pasta</title>
		<link>/produktas/burger-pasta/</link>
					<comments>/produktas/burger-pasta/#respond</comments>
		
		<dc:creator><![CDATA[admin]]></dc:creator>
		<pubDate>Thu, 10 Dec 2020 18:54:09 +0000</pubDate>
				<guid isPermaLink="false">https://startertemplatecloud.com/e09/?post_type=product&#038;p=945</guid>

					<description><![CDATA[Adipiscing commodo elit at imperdiet. Ipsum nunc aliquet bibendum enim facilisis gravida neque. Lacus luctus accumsan tortor posuere ac.]]></description>
										<content:encoded><![CDATA[<p>Adipiscing commodo elit at imperdiet. Ipsum nunc aliquet bibendum enim facilisis gravida neque. Lacus luctus accumsan tortor posuere ac. Convallis tellus id interdum velit laoreet id. In dictum non consectetur a erat. Augue mauris augue neque gravida in fermentum. Blandit cursus risus at ultrices.</p>
]]></content:encoded>
					
					<wfw:commentRss>/produktas/burger-pasta/feed/</wfw:commentRss>
			<slash:comments>0</slash:comments>
		
		
			</item>
		<item>
		<title>Beef Burger</title>
		<link>/produktas/beef-burger/</link>
					<comments>/produktas/beef-burger/#comments</comments>
		
		<dc:creator><![CDATA[admin]]></dc:creator>
		<pubDate>Thu, 10 Dec 2020 18:51:11 +0000</pubDate>
				<guid isPermaLink="false">https://startertemplatecloud.com/e09/?post_type=product&#038;p=940</guid>

					<description><![CDATA[Adipiscing commodo elit at imperdiet. Ipsum nunc aliquet bibendum enim facilisis gravida neque. Lacus luctus accumsan tortor posuere ac.]]></description>
										<content:encoded><![CDATA[<p>Adipiscing commodo elit at imperdiet. Ipsum nunc aliquet bibendum enim facilisis gravida neque. Lacus luctus accumsan tortor posuere ac. Convallis tellus id interdum velit laoreet id. In dictum non consectetur a erat. Augue mauris augue neque gravida in fermentum. Blandit cursus risus at ultrices.</p>
]]></content:encoded>
					
					<wfw:commentRss>/produktas/beef-burger/feed/</wfw:commentRss>
			<slash:comments>1</slash:comments>
		
		
			</item>
		<item>
		<title>Hot Burger</title>
		<link>/produktas/hot-burger/</link>
					<comments>/produktas/hot-burger/#comments</comments>
		
		<dc:creator><![CDATA[admin]]></dc:creator>
		<pubDate>Thu, 10 Dec 2020 14:47:46 +0000</pubDate>
				<guid isPermaLink="false">https://startertemplatecloud.com/e09/?post_type=product&#038;p=883</guid>

					<description><![CDATA[Adipiscing commodo elit at imperdiet. Ipsum nunc aliquet bibendum enim facilisis gravida neque. Lacus luctus accumsan tortor posuere ac.]]></description>
										<content:encoded><![CDATA[<p>Adipiscing commodo elit at imperdiet. Ipsum nunc aliquet bibendum enim facilisis gravida neque. Lacus luctus accumsan tortor posuere ac. Convallis tellus id interdum velit laoreet id. In dictum non consectetur a erat. Augue mauris augue neque gravida in fermentum. Blandit cursus risus at ultrices.</p>
]]></content:encoded>
					
					<wfw:commentRss>/produktas/hot-burger/feed/</wfw:commentRss>
			<slash:comments>1</slash:comments>
		
		
			</item>
	</channel>
</rss>
