<?xml version="1.0" encoding="UTF-8"?><rss version="2.0"
	xmlns:content="http://purl.org/rss/1.0/modules/content/"
	xmlns:wfw="http://wellformedweb.org/CommentAPI/"
	xmlns:dc="http://purl.org/dc/elements/1.1/"
	xmlns:atom="http://www.w3.org/2005/Atom"
	xmlns:sy="http://purl.org/rss/1.0/modules/syndication/"
	xmlns:slash="http://purl.org/rss/1.0/modules/slash/"
	>

<channel>
	<title>summer &#8211; Mano blog</title>
	<atom:link href="/produkto-zyma/summer/feed/" rel="self" type="application/rss+xml" />
	<link></link>
	<description>Tiesiog dar viena WordPress svetainė</description>
	<lastBuildDate>Thu, 10 Dec 2020 19:14:49 +0000</lastBuildDate>
	<language>lt-LT</language>
	<sy:updatePeriod>
	hourly	</sy:updatePeriod>
	<sy:updateFrequency>
	1	</sy:updateFrequency>
	<generator>https://wordpress.org/?v=5.8.2</generator>
	<item>
		<title>Summer Pizza</title>
		<link>/produktas/summer-pizza/</link>
					<comments>/produktas/summer-pizza/#respond</comments>
		
		<dc:creator><![CDATA[admin]]></dc:creator>
		<pubDate>Thu, 10 Dec 2020 19:14:49 +0000</pubDate>
				<guid isPermaLink="false">https://startertemplatecloud.com/e09/?post_type=product&#038;p=954</guid>

					<description><![CDATA[<div class="woocommerce-tabs wc-tabs-wrapper">
<div id="tab-description" class="woocommerce-Tabs-panel woocommerce-Tabs-panel--description panel entry-content wc-tab" role="tabpanel" aria-labelledby="tab-title-description">

Adipiscing commodo elit at imperdiet. Ipsum nunc aliquet bibendum enim facilisis gravida neque. Lacus luctus accumsan tortor posuere ac.

</div>
</div>]]></description>
										<content:encoded><![CDATA[<div class="woocommerce-tabs wc-tabs-wrapper">
<div id="tab-description" class="woocommerce-Tabs-panel woocommerce-Tabs-panel--description panel entry-content wc-tab" role="tabpanel" aria-labelledby="tab-title-description">
<p>Adipiscing commodo elit at imperdiet. Ipsum nunc aliquet bibendum enim facilisis gravida neque. Lacus luctus accumsan tortor posuere ac. Convallis tellus id interdum velit laoreet id. In dictum non consectetur a erat. Augue mauris augue neque gravida in fermentum. Blandit cursus risus at ultrices.</p>
</div>
</div>
]]></content:encoded>
					
					<wfw:commentRss>/produktas/summer-pizza/feed/</wfw:commentRss>
			<slash:comments>0</slash:comments>
		
		
			</item>
	</channel>
</rss>
