<?xml version="1.0" encoding="UTF-8"?><rss version="2.0"
	xmlns:content="http://purl.org/rss/1.0/modules/content/"
	xmlns:dc="http://purl.org/dc/elements/1.1/"
	xmlns:atom="http://www.w3.org/2005/Atom"
	xmlns:sy="http://purl.org/rss/1.0/modules/syndication/"
	
	>
<channel>
	<title>
	Įrašo „30 Artificial Christmas Trees That&#8217;ll Have You Saying ‘Spruce Who?’“ komentarai	</title>
	<atom:link href="/chicken/30-artificial-christmas-trees-thatll-have-you-saying-spruce-who/feed/" rel="self" type="application/rss+xml" />
	<link>/chicken/30-artificial-christmas-trees-thatll-have-you-saying-spruce-who/</link>
	<description>Tiesiog dar viena WordPress svetainė</description>
	<lastBuildDate>Sat, 25 Dec 2021 13:45:57 +0000</lastBuildDate>
	<sy:updatePeriod>
	hourly	</sy:updatePeriod>
	<sy:updateFrequency>
	1	</sy:updateFrequency>
	<generator>https://wordpress.org/?v=5.8.2</generator>
</channel>
</rss>
